name	team	birthday	age	club_name	club_country_code	caps	height	weight	position	matches	minutes	goals	assists	pa	pc	pc_perc	on_target	off_target	blocked	against_woodwork	fouls	suffered	yellow	red
Bogdan Stancu	Romania	28/06/1987	28	Gençlerbirliği	TUR	44	183	75	Forward	3	277	2	0	64	47	73%	4	1	1	0	2	0	0	0
Thiago Alcántara	Spain	11/04/1991	25	Bayern	GER	12	172	71	Midfield	None	None	None	None	24	23	96%	0	0	0	0	None	None	None	None
Axel Witsel	Belgium	12/01/1989	27	Zenit	RUS	70	186	73	Midfield	2	187	1	0	107	104	97%	3	1	2	0	2	5	0	0
James Milner	England	04/01/1986	30	Liverpool	ENG	61	175	70	Midfield	None	None	None	None	3	3	100%	0	0	0	0	None	None	None	None
Oğuzhan Özyakup	Turkey	23/09/1992	23	Beşiktaş	TUR	23	180	75	Midfield	None	None	None	None	59	51	86%	0	0	0	0	1	1	0	0
Jason Denayer	Belgium	28/06/1995	20	Galatasaray	TUR	7	184	70	Defender	None	None	None	None	None	None	None	0	0	0	0	None	None	None	None
Tomáš Sivok	Czech Republic	15/09/1983	32	Bursaspor	TUR	58	185	77	Defender	None	None	None	None	102	94	92%	0	3	1	1	4	2	1	0
Serhiy Sydorchuk	Ukraine	02/05/1991	25	Dynamo Kyiv	UKR	14	189	90	Midfield	None	None	None	None	54	47	87%	0	1	1	0	3	1	1	0
Andreas Isaksson	Sweden	03/10/1981	34	Kasımpaşa	TUR	132	200	86	Goalkeeper	None	None	None	None	60	32	53%	0	0	0	0	None	None	None	None
Gábor Király	Hungary	01/04/1976	40	Haladás	HUN	104	190	85	Goalkeeper	None	None	None	None	72	65	90%	0	0	0	0	None	None	None	None
André Schürrle	Germany	06/11/1990	25	Wolfsburg	GER	55	184	74	Midfield	None	None	None	None	33	31	94%	0	1	1	0	None	None	None	None
Eliaquim Mangala	France	13/02/1991	25	Man. City	ENG	7	188	84	Defender	None	None	None	None	None	None	None	0	0	0	0	None	None	None	None
Glenn Whelan	Republic of Ireland	13/01/1984	32	Stoke	ENG	72	180	79	Midfield	None	None	None	None	87	78	90%	0	0	1	0	1	1	1	0
Tamás Kádár	Hungary	14/03/1990	26	Lech	POL	31	188	79	Defender	None	None	None	None	136	119	88%	0	1	1	0	5	4	1	0
Ögmundur Kristinsson	Iceland	19/06/1989	27	Hammarby	SWE	11	192	89	Goalkeeper	None	None	None	None	None	None	None	0	0	0	0	None	None	None	None
Wojciech Szczęsny	Poland	18/04/1990	26	Roma	ITA	27	196	84	Goalkeeper	None	None	None	None	20	15	75%	0	0	0	0	None	None	None	None
Vedran Ćorluka	Croatia	05/02/1986	30	Lokomotiv Moskva	RUS	90	192	84	Defender	None	None	None	None	132	117	89%	0	0	0	0	None	None	None	None
Oscar Lewicki	Sweden	14/07/1992	23	Malmö	SWE	11	171	68	Midfield	None	None	None	None	32	27	84%	0	0	0	0	1	0	0	0
Claudiu Keșerü	Romania	02/12/1986	29	Ludogorets	BUL	14	178	71	Forward	None	None	None	None	8	7	88%	2	2	0	0	3	2	1	0
Gökhan Gönül	Turkey	04/01/1985	31	Fenerbahçe	TUR	60	174	73	Defender	None	None	None	None	82	63	77%	0	0	0	0	None	None	None	None
Will Grigg	Northern Ireland	03/07/1991	24	Wigan	ENG	8	180	70	Forward	None	None	None	None	None	None	None	0	0	0	0	None	None	None	None
Laurent Ciman	Belgium	05/08/1985	30	Montreal	CAN	12	184	70	Defender	None	None	None	None	64	57	89%	0	0	1	0	None	None	None	None
Mykyta Shevchenko	Ukraine	26/01/1993	23	Zorya	UKR	0	187	80	Goalkeeper	None	None	None	None	None	None	None	0	0	0	0	None	None	None	None
Giorgio Chiellini	Italy	14/08/1984	31	Juventus	ITA	86	187	86	Defender	None	None	None	None	111	86	77%	0	0	0	0	3	7	1	0
Julian Weigl	Germany	08/09/1995	20	Dortmund	GER	1	186	71	Midfield	None	None	None	None	None	None	None	0	0	0	0	None	None	None	None
Roman Hubník	Czech Republic	06/06/1984	32	Plzeň	CZE	29	191	86	Defender	None	None	None	None	104	88	85%	1	0	0	0	1	5	0	0
Ádám Pintér	Hungary	12/06/1988	28	Ferencváros	HUN	21	190	76	Defender	None	None	None	None	2	1	50%	0	0	0	0	None	None	None	None
Pontus Wernbloom	Sweden	25/06/1986	29	CSKA Moskva	RUS	50	187	85	Midfield	None	None	None	None	None	None	None	0	0	0	0	None	None	None	None
Ingvar Jónsson	Iceland	18/10/1989	26	Sandefjord	NOR	5	188	82	Goalkeeper	None	None	None	None	None	None	None	0	0	0	0	None	None	None	None
Marc Bartra	Spain	15/01/1991	25	Barcelona	ESP	9	183	74	Defender	None	None	None	None	None	None	None	0	0	0	0	None	None	None	None
Thiago Cionek	Poland	21/04/1986	30	Palermo	ITA	7	184	80	Defender	None	None	None	None	29	22	76%	0	0	0	0	4	0	0	0
Wes Hoolahan	Republic of Ireland	20/05/1982	34	Norwich	ENG	32	168	71	Midfield	2	149	1	0	62	48	77%	1	0	0	0	2	5	0	0
Mousa Dembélé	Belgium	16/07/1987	28	Tottenham	ENG	65	185	82	Midfield	None	None	None	None	29	28	97%	0	0	0	0	3	1	0	0
Krzysztof Mączyński	Poland	23/05/1987	29	Wisła	POL	18	175	66	Midfield	None	None	None	None	66	57	86%	0	1	3	0	4	1	1	0
Mikel San José	Spain	30/05/1989	27	Athletic	ESP	7	186	77	Defender	None	None	None	None	None	None	None	0	0	0	0	None	None	None	None
Ahmet Çalık	Turkey	26/02/1994	22	Gençlerbirliği	TUR	4	184	77	Defender	None	None	None	None	None	None	None	0	0	0	0	None	None	None	None
Vlad Chiricheş	Romania	14/11/1989	26	Napoli	ITA	44	184	75	Defender	None	None	None	None	112	100	89%	0	0	1	0	0	2	1	0
Hakan Balta	Turkey	23/03/1983	33	Galatasaray	TUR	49	184	80	Defender	None	None	None	None	104	89	86%	0	1	0	0	3	3	2	0
Andi Lila	Albania	12/02/1986	30	Giannina	GRE	59	184	79	Defender	None	None	None	None	42	33	79%	0	1	0	0	3	2	0	0
Ján Greguš	Slovakia	29/01/1991	25	Jablonec	CZE	7	189	70	Midfield	None	None	None	None	None	None	None	0	0	0	0	None	None	None	None
Leroy Sané	Germany	11/01/1996	20	Schalke	GER	3	183	75	Midfield	None	None	None	None	None	None	None	0	0	0	0	None	None	None	None
Elmar Bjarnason	Iceland	04/03/1987	29	AGF	DEN	28	183	78	Defender	None	None	None	None	1	1	100%	0	0	0	0	1	0	0	0
Ansi Agolli	Albania	11/10/1982	33	Qarabağ	AZE	64	179	70	Defender	None	None	None	None	108	86	80%	0	0	0	0	3	2	0	0
Gabriel Torje	Romania	22/11/1989	26	Osmanlıspor	TUR	54	168	71	Midfield	None	None	None	None	40	28	70%	1	1	2	0	2	2	1	0
Florian Klein	Austria	17/11/1986	29	Stuttgart	GER	39	180	66	Defender	None	None	None	None	51	36	71%	0	0	0	0	2	5	0	0
Adam Nemec	Slovakia	02/09/1985	30	Willem II	NED	24	190	84	Forward	None	None	None	None	14	8	57%	0	1	0	1	1	1	0	0
Gordon Schildenfeld	Croatia	18/03/1985	31	Dinamo Zagreb	CRO	29	191	89	Defender	None	None	None	None	1	0	0%	0	0	0	0	None	None	None	None
Ádám Szalai	Hungary	09/12/1987	28	Hannover	GER	33	193	91	Forward	2	79	1	0	11	7	64%	2	1	1	0	3	3	0	0
Mihai Pintilii	Romania	09/11/1984	31	Steaua	ROU	34	180	78	Midfield	None	None	None	None	54	39	72%	0	1	1	0	5	1	0	0
Albin Ekdal	Sweden	28/07/1989	26	Hamburg	GER	24	186	75	Midfield	None	None	None	None	41	31	76%	0	0	0	0	1	3	0	0
Mario Gomez	Germany	10/07/1985	30	Beşiktaş	TUR	66	189	93	Forward	2	115	1	0	14	9	64%	4	1	1	0	1	0	0	0
Aleksandar Dragović	Austria	06/03/1991	25	Dynamo Kyiv	UKR	48	184	76	Defender	None	None	None	None	44	41	93%	0	0	0	0	4	0	2	1
Michal Ďuriš	Slovakia	01/06/1988	28	Plzeň	CZE	28	183	75	Forward	None	None	None	None	11	9	82%	0	0	1	0	4	3	0	0
Gareth McAuley	Northern Ireland	05/12/1979	36	West Brom	ENG	64	195	90	Defender	3	283	1	0	59	40	68%	2	0	1	0	4	1	0	0
Peter Pekarík	Slovakia	30/10/1986	29	Hertha	GER	70	176	70	Defender	None	None	None	None	89	73	82%	0	0	0	0	1	8	0	0
Christophe Jallet	France	31/10/1983	32	Lyon	FRA	11	178	70	Defender	None	None	None	None	None	None	None	0	0	0	0	None	None	None	None
Kevin Wimmer	Austria	15/11/1992	23	Tottenham	ENG	4	187	85	Defender	None	None	None	None	2	2	100%	0	0	0	0	None	None	None	None
Héctor Bellerín	Spain	19/03/1995	21	Arsenal	ENG	3	177	74	Defender	None	None	None	None	None	None	None	0	0	0	0	None	None	None	None
Ragnar Sigurdsson	Iceland	19/06/1986	30	Krasnodar	RUS	58	187	77	Defender	None	None	None	None	37	28	76%	0	0	0	0	None	None	None	None
Bastian Schweinsteiger	Germany	01/08/1984	31	Man. United	ENG	117	183	79	Midfield	2	27	1	0	33	32	97%	1	0	0	0	1	1	0	0
Mikael Lustig	Sweden	13/12/1986	29	Celtic	SCO	53	189	78	Defender	None	None	None	None	32	27	84%	0	0	0	0	None	None	None	None
Michał Pazdan	Poland	21/09/1987	28	Legia	POL	18	181	78	Defender	None	None	None	None	61	54	89%	0	1	0	0	3	0	0	0
N'Golo Kanté	France	29/03/1991	25	Leicester	ENG	6	169	68	Midfield	None	None	None	None	182	168	92%	0	0	3	0	4	0	1	0
Rafa Silva	Portugal	17/05/1993	23	Braga	POR	9	170	63	Midfield	None	None	None	None	4	0	0%	0	0	0	0	None	None	None	None
Kári Árnason	Iceland	13/10/1982	33	Malmö	SWE	49	190	79	Midfield	None	None	None	None	22	14	64%	0	0	0	0	2	0	0	0
Lucas Vázquez	Spain	01/07/1991	24	Real Madrid	ESP	1	173	70	Forward	None	None	None	None	None	None	None	0	0	0	0	None	None	None	None
Pylyp Budkivskiy	Ukraine	10/03/1992	24	Zorya	UKR	6	196	81	Forward	None	None	None	None	None	None	None	0	0	0	0	None	None	None	None
Robert Almer	Austria	20/03/1984	32	Austria Wien	AUT	30	194	88	Goalkeeper	None	None	None	None	75	60	80%	0	0	0	0	None	None	None	None
Arda Turan	Turkey	30/01/1987	29	Barcelona	ESP	94	178	76	Midfield	None	None	None	None	113	99	88%	0	3	1	0	1	5	0	0
Lukas Podolski	Germany	04/06/1985	31	Galatasaray	TUR	128	182	83	Forward	None	None	None	None	None	None	None	0	0	0	0	None	None	None	None
Ermir Lenjani	Albania	05/08/1989	26	Nantes	FRA	21	175	65	Midfield	None	None	None	None	45	35	78%	0	1	3	0	4	3	0	0
Denys Boyko	Ukraine	29/01/1988	28	Beşiktaş	TUR	4	194	82	Goalkeeper	None	None	None	None	None	None	None	0	0	0	0	None	None	None	None
Nani	Portugal	17/11/1986	29	Fenerbahçe	TUR	98	175	66	Forward	2	182	1	0	49	44	90%	4	4	0	1	2	5	0	0
Christian Benteke	Belgium	03/12/1990	25	Liverpool	ENG	28	190	83	Forward	None	None	None	None	4	4	100%	0	0	0	0	None	None	None	None
Graziano Pellè	Italy	15/07/1985	30	Southampton	ENG	15	194	84	Forward	2	153	1	0	52	30	58%	2	4	0	0	5	1	0	0
Morgan Schneiderlin	France	08/11/1989	26	Man. United	ENG	15	180	75	Midfield	None	None	None	None	None	None	None	0	0	0	0	None	None	None	None
Sokol Çikalleshi	Albania	27/07/1990	25	İstanbul Başakşehir	TUR	19	185	79	Forward	None	None	None	None	1	1	100%	0	0	0	0	None	None	None	None
Ricardo Rodríguez	Switzerland	25/08/1992	23	Wolfsburg	GER	40	181	77	Defender	None	None	None	None	138	130	94%	1	0	2	0	4	3	0	0
Kolbeinn Sigthórsson	Iceland	14/03/1990	26	Nantes	FRA	41	185	70	Forward	None	None	None	None	26	19	73%	0	0	1	0	3	1	0	0
Josh Magennis	Northern Ireland	15/08/1990	25	Kilmarnock	SCO	21	188	92	Midfield	None	None	None	None	5	3	60%	0	0	0	0	1	0	0	0
Michael McGovern	Northern Ireland	12/07/1984	31	Hamilton	SCO	14	191	89	Goalkeeper	None	None	None	None	90	34	38%	0	0	0	0	None	None	None	None
Zoltán Gera	Hungary	22/04/1979	37	Ferencváros	HUN	90	183	75	Forward	None	None	None	None	127	105	83%	1	1	0	0	2	1	0	0
João Mário	Portugal	19/01/1993	23	Sporting CP	POR	13	179	73	Midfield	None	None	None	None	55	48	87%	0	0	2	0	1	2	0	0
Robert Lewandowski	Poland	21/08/1988	27	Bayern	GER	79	184	78	Forward	None	None	None	None	68	50	74%	0	1	3	0	3	10	0	0
Semih Kaya	Turkey	24/02/1991	25	Galatasaray	TUR	23	183	66	Defender	None	None	None	None	None	None	None	0	0	0	0	None	None	None	None
David Vaughan	Wales	18/02/1983	33	Nottm Forest	ENG	42	171	70	Midfield	None	None	None	None	None	None	None	0	0	0	0	None	None	None	None
James McClean	Republic of Ireland	22/04/1989	27	West Brom	ENG	40	180	70	Midfield	None	None	None	None	15	13	87%	1	2	0	0	1	1	0	0
Dmitri Torbinski	Russia	28/04/1984	32	Krasnodar	RUS	30	172	60	Midfield	None	None	None	None	None	None	None	0	0	0	0	None	None	None	None
David de Gea	Spain	07/11/1990	25	Man. United	ENG	12	192	76	Goalkeeper	None	None	None	None	63	56	89%	0	0	0	0	None	None	None	None
Cyrus Christie	Republic of Ireland	30/09/1992	23	Derby	ENG	5	188	78	Defender	None	None	None	None	None	None	None	0	0	0	0	None	None	None	None
Marouane Fellaini	Belgium	22/11/1987	28	Man. United	ENG	71	194	85	Midfield	None	None	None	None	56	48	86%	0	1	0	0	4	1	0	0
Hjörtur Hermannsson	Iceland	08/02/1995	21	Göteborg	SWE	3	189	81	Defender	None	None	None	None	None	None	None	0	0	0	0	None	None	None	None
Denys Garmash	Ukraine	19/04/1990	26	Dynamo Kyiv	UKR	28	186	72	Midfield	None	None	None	None	13	12	92%	0	0	0	0	1	0	0	0
Ledian Memushaj	Albania	17/12/1986	29	Pescara	ITA	15	175	71	Midfield	None	None	None	None	68	54	79%	2	4	1	1	1	7	1	0
Pepe	Portugal	26/02/1983	33	Real Madrid	ESP	73	188	81	Defender	None	None	None	None	141	129	91%	0	1	0	0	3	3	1	0
Joshua Kimmich	Germany	08/02/1995	21	Bayern	GER	2	176	70	Defender	None	None	None	None	66	58	88%	0	2	0	0	1	2	0	0
Sebastian Larsson	Sweden	06/06/1985	31	Sunderland	ENG	86	178	70	Midfield	None	None	None	None	54	47	87%	0	0	0	0	5	0	0	0
Christian Fuchs	Austria	07/04/1986	30	Leicester	ENG	77	186	80	Defender	None	None	None	None	72	55	76%	0	1	0	0	4	1	1	0
Harun Tekin	Turkey	17/06/1989	27	Bursaspor	TUR	0	187	78	Goalkeeper	None	None	None	None	None	None	None	0	0	0	0	None	None	None	None
Craig Cathcart	Northern Ireland	06/02/1989	27	Watford	ENG	31	188	73	Defender	None	None	None	None	49	36	73%	0	1	0	0	3	1	1	0
Filip Starzyński	Poland	27/05/1991	25	Zagłębie	POL	4	184	72	Midfield	None	None	None	None	None	None	None	0	0	0	0	None	None	None	None
Patrik Hrošovský	Slovakia	22/04/1992	24	Plzeň	CZE	13	172	68	Midfield	None	None	None	None	29	27	93%	0	0	0	0	3	0	1	0
Arnor Ingvi Traustason	Iceland	30/04/1993	23	Norrköping	SWE	7	183	74	Defender	None	None	None	None	None	None	None	0	0	0	0	None	None	None	None
Jonny Evans	Northern Ireland	03/01/1988	28	West Brom	ENG	52	188	77	Defender	None	None	None	None	85	66	78%	0	0	1	0	3	7	1	0
Hakan Çalhanoğlu	Turkey	08/02/1994	22	Leverkusen	GER	21	176	76	Midfield	None	None	None	None	41	33	80%	0	4	1	0	1	3	0	0
David Lafata	Czech Republic	18/09/1981	34	Sparta Praha	CZE	41	180	72	Forward	None	None	None	None	14	11	79%	0	0	2	0	1	1	0	0
Marc Janko	Austria	25/06/1983	32	Basel	SUI	55	196	93	Forward	None	None	None	None	8	5	63%	0	1	0	0	None	None	None	None
Samuel Umtiti	France	14/11/1993	22	Lyon	FRA	0	180	75	Defender	None	None	None	None	None	None	None	0	0	0	0	None	None	None	None
Gylfi Sigurdsson	Iceland	08/09/1989	26	Swansea	ENG	41	186	77	Midfield	2	189	1	0	28	26	93%	3	0	2	0	3	4	0	0
Stefano Sturaro	Italy	09/03/1993	23	Juventus	ITA	2	178	78	Midfield	None	None	None	None	3	1	33%	0	0	0	0	1	0	0	0
Blerim Džemaili	Switzerland	12/04/1986	30	Genoa	ITA	51	179	73	Midfield	None	None	None	None	88	74	84%	0	6	2	1	3	5	0	0
Raheem Sterling	England	08/12/1994	21	Man. City	ENG	25	170	69	Midfield	None	None	None	None	42	34	81%	0	1	0	0	4	2	0	0
Bernd Leno	Germany	04/03/1992	24	Leverkusen	GER	1	190	83	Goalkeeper	None	None	None	None	None	None	None	0	0	0	0	None	None	None	None
Viktor Kovalenko	Ukraine	14/02/1996	20	Shakhtar Donetsk	UKR	6	182	75	Midfield	None	None	None	None	60	57	95%	0	2	0	0	2	6	0	0
Wayne Rooney	England	24/10/1985	30	Man. United	ENG	114	176	83	Forward	None	None	None	None	152	138	91%	3	3	2	0	2	1	0	0
Jonathan Williams	Wales	09/10/1993	22	Crystal Palace	ENG	14	168	60	Midfield	None	None	None	None	20	16	80%	0	1	0	0	2	4	0	0
Paddy McNair	Northern Ireland	27/04/1995	21	Man. United	ENG	11	183	72	Defender	None	None	None	None	7	4	57%	0	0	0	0	1	0	0	0
Bohdan Butko	Ukraine	13/01/1991	25	Amkar	RUS	18	180	68	Defender	None	None	None	None	66	55	83%	0	0	0	0	1	0	0	0
Richard Keogh	Republic of Ireland	11/08/1986	29	Derby	ENG	12	188	87	Defender	None	None	None	None	None	None	None	0	0	0	0	None	None	None	None
Selçuk İnan	Turkey	10/02/1985	31	Galatasaray	TUR	55	182	74	Midfield	None	None	None	None	141	119	84%	0	0	1	0	7	2	0	0
Eric Dier	England	15/01/1994	22	Tottenham	ENG	10	188	88	Midfield	3	283	1	0	231	209	90%	2	2	5	0	None	None	None	None
Cesc Fàbregas	Spain	04/05/1987	29	Chelsea	ENG	109	175	74	Midfield	None	None	None	None	228	208	91%	0	0	0	0	3	1	0	0
Anatoliy Tymoshchuk	Ukraine	30/03/1979	37	Kairat	KAZ	144	181	70	Midfield	None	None	None	None	2	1	50%	0	0	0	0	None	None	None	None
Haris Seferović	Switzerland	22/02/1992	24	Frankfurt	GER	33	185	85	Forward	None	None	None	None	36	23	64%	5	2	0	0	2	2	0	0
Adrian Popa	Romania	24/07/1988	27	Steaua	ROU	16	169	71	Midfield	None	None	None	None	32	25	78%	0	0	0	0	2	0	1	0
John Stones	England	28/05/1994	22	Everton	ENG	10	188	70	Defender	None	None	None	None	None	None	None	0	0	0	0	None	None	None	None
Daryl Murphy	Republic of Ireland	15/03/1983	33	Ipswich	ENG	20	191	88	Forward	None	None	None	None	None	None	None	0	0	0	0	None	None	None	None
Jonathan Tah	Germany	11/02/1996	20	Leverkusen	GER	1	-	-	Defender	None	None	None	None	None	None	None	0	0	0	0	None	None	None	None
Yevhen Khacheridi	Ukraine	28/07/1987	28	Dynamo Kyiv	UKR	45	198	85	Defender	None	None	None	None	135	124	92%	1	0	0	0	3	2	0	0
Yann Sommer	Switzerland	17/12/1988	27	Mönchengladbach	GER	21	183	79	Goalkeeper	None	None	None	None	83	76	92%	0	0	0	0	None	None	None	None
Migjen Basha	Albania	05/01/1987	29	Como	ITA	19	180	72	Midfield	None	None	None	None	25	23	92%	1	1	0	0	2	1	1	0
Simon Church	Wales	10/12/1988	27	MK Dons	ENG	37	183	84	Forward	None	None	None	None	2	2	100%	0	0	0	0	1	0	0	0
Luke McCullough	Northern Ireland	15/02/1994	22	Doncaster	ENG	5	185	81	Defender	None	None	None	None	None	None	None	0	0	0	0	None	None	None	None
Olexandr Kucher	Ukraine	22/10/1982	33	Shakhtar Donetsk	UKR	51	184	77	Defender	None	None	None	None	73	68	93%	0	0	0	0	3	0	1	0
Emil Forsberg	Sweden	23/10/1991	24	Leipzig	GER	19	179	78	Midfield	None	None	None	None	51	41	80%	0	1	0	0	2	1	0	0
Nikola Kalinić	Croatia	05/01/1988	28	Fiorentina	ITA	30	187	80	Forward	1	95	1	1	12	9	75%	2	0	0	0	1	1	0	0
Erik Johansson	Sweden	30/12/1988	27	København	DEN	10	191	84	Defender	None	None	None	None	70	66	94%	0	0	0	0	2	1	0	0
Markus Suttner	Austria	16/04/1987	29	Ingolstadt	GER	16	179	72	Defender	None	None	None	None	None	None	None	0	0	0	0	None	None	None	None
Lovre Kalinić	Croatia	03/04/1990	26	Hajduk Split	CRO	4	201	96	Goalkeeper	None	None	None	None	None	None	None	0	0	0	0	None	None	None	None
Mariusz Stępiński	Poland	12/05/1995	21	Ruch	POL	2	183	73	Forward	None	None	None	None	None	None	None	0	0	0	0	None	None	None	None
John Guidetti	Sweden	15/04/1992	24	Celta	ESP	11	185	79	Forward	None	None	None	None	23	20	87%	0	1	0	0	1	1	0	0
Ciprian Tătăruşanu	Romania	09/02/1986	30	Fiorentina	ITA	40	195	88	Goalkeeper	None	None	None	None	84	55	65%	0	0	0	0	None	None	None	None
Burak Yılmaz	Turkey	15/07/1985	30	Beijing Guoan	CHN	47	188	77	Forward	3	213	1	0	55	43	78%	1	1	0	0	6	4	1	0
Roman Shirokov	Russia	06/07/1981	34	CSKA Moskva	RUS	56	183	80	Midfield	None	None	None	None	27	16	59%	0	0	0	0	1	1	0	0
Jaroslav Plašil	Czech Republic	05/01/1982	34	Bordeaux	FRA	103	182	72	Midfield	None	None	None	None	91	79	87%	1	1	0	0	4	4	1	0
Ryan Bertrand	England	05/08/1989	26	Southampton	ENG	9	179	85	Defender	None	None	None	None	35	33	94%	0	0	0	0	2	0	1	0
François Moubandje	Switzerland	21/06/1990	26	Toulouse	FRA	11	180	74	Defender	None	None	None	None	None	None	None	0	0	0	0	None	None	None	None
Ludwig Augustinsson	Sweden	21/04/1994	22	København	DEN	3	181	74	Defender	None	None	None	None	None	None	None	0	0	0	0	None	None	None	None
Dmitri Kombarov	Russia	22/01/1987	29	Spartak Moskva	RUS	39	181	72	Defender	None	None	None	None	47	40	85%	0	0	1	0	None	None	None	None
Bekim Balaj	Albania	11/01/1991	25	Rijeka	CRO	16	188	80	Forward	None	None	None	None	6	5	83%	0	0	0	0	2	2	0	0
Florin Andone	Romania	11/04/1993	23	Córdoba	ESP	9	182	78	Forward	None	None	None	None	18	13	72%	0	3	0	1	3	1	0	0
Roy Carroll	Northern Ireland	30/09/1977	38	Linfield	NIR	44	188	80	Goalkeeper	None	None	None	None	None	None	None	0	0	0	0	None	None	None	None
Blaise Matuidi	France	09/04/1987	29	Paris	FRA	47	175	70	Midfield	None	None	None	None	122	110	90%	0	1	1	0	2	5	0	0
Lee Hodson	Northern Ireland	02/10/1991	24	MK Dons	ENG	16	174	71	Defender	None	None	None	None	None	None	None	0	0	0	0	None	None	None	None
Ben Davies	Wales	24/04/1993	23	Tottenham	ENG	23	181	76	Defender	None	None	None	None	105	89	85%	0	0	0	0	2	2	1	0
Josef Šural	Czech Republic	30/05/1990	26	Sparta Praha	CZE	14	184	81	Midfield	None	None	None	None	15	14	93%	0	0	0	0	2	1	1	0
Leonardo Bonucci	Italy	01/05/1987	29	Juventus	ITA	59	190	86	Defender	None	None	None	None	113	93	82%	0	0	0	0	2	1	1	0
Kornel Saláta	Slovakia	24/01/1985	31	Slovan Bratislava	SVK	37	191	89	Defender	None	None	None	None	None	None	None	0	0	0	0	None	None	None	None
Patrice Evra	France	15/05/1981	35	Juventus	ITA	76	174	74	Defender	None	None	None	None	120	100	83%	0	0	0	0	6	2	0	0
Chris Smalling	England	22/11/1989	26	Man. United	ENG	28	192	81	Defender	None	None	None	None	134	128	96%	1	1	0	0	3	2	0	0
Cédric	Portugal	31/08/1991	24	Southampton	ENG	11	172	67	Defender	None	None	None	None	None	None	None	0	0	0	0	None	None	None	None
Emre Mor	Turkey	24/07/1997	18	Nordsjælland	DEN	4	168	63	Forward	None	None	None	None	24	19	79%	0	1	1	0	None	None	None	None
George Williams	Wales	07/09/1995	20	Fulham	ENG	7	172	73	Forward	None	None	None	None	None	None	None	0	0	0	0	None	None	None	None
Steven Davis	Northern Ireland	01/01/1985	31	Southampton	ENG	86	172	72	Midfield	None	None	None	None	83	68	82%	1	0	0	0	4	2	0	0
Valerică Găman	Romania	25/02/1989	27	Astra	ROU	14	188	72	Defender	None	None	None	None	None	None	None	0	0	0	0	None	None	None	None
Keiren Westwood	Republic of Ireland	23/10/1984	31	Sheff. Wednesday	ENG	17	187	92	Goalkeeper	None	None	None	None	None	None	None	0	0	0	0	None	None	None	None
Laurent Koscielny	France	10/09/1985	30	Arsenal	ENG	32	186	75	Defender	None	None	None	None	117	104	89%	0	1	1	0	1	3	1	0
Marcus Rashford	England	31/10/1997	18	Man. United	ENG	2	180	70	Forward	None	None	None	None	8	8	100%	0	0	0	0	1	0	0	0
Artur Yusupov	Russia	01/09/1989	26	Zenit	RUS	2	180	73	Midfield	None	None	None	None	None	None	None	0	0	0	0	None	None	None	None
Pontus Jansson	Sweden	13/02/1991	25	Torino	ITA	6	194	89	Defender	None	None	None	None	None	None	None	0	0	0	0	None	None	None	None
Niall McGinn	Northern Ireland	20/07/1987	28	Aberdeen	SCO	44	183	70	Forward	2	37	1	0	5	3	60%	1	0	0	0	None	None	None	None
Ladislav Krejčí	Czech Republic	05/07/1992	23	Sparta Praha	CZE	26	180	67	Midfield	None	None	None	None	50	42	84%	1	0	0	0	4	2	0	0
Artur Boruc	Poland	20/02/1980	36	Bournemouth	ENG	63	193	88	Goalkeeper	None	None	None	None	None	None	None	0	0	0	0	None	None	None	None
Thibaut Courtois	Belgium	11/05/1992	24	Chelsea	ENG	39	199	91	Goalkeeper	None	None	None	None	46	31	67%	0	0	0	0	None	None	None	None
Anthony Lopes	Portugal	01/10/1990	25	Lyon	FRA	4	184	81	Goalkeeper	None	None	None	None	None	None	None	0	0	0	0	None	None	None	None
Arlind Ajeti	Albania	25/09/1993	22	Frosinone	ITA	11	185	81	Defender	None	None	None	None	49	43	88%	0	0	0	0	1	2	0	0
Julian Draxler	Germany	20/09/1993	22	Wolfsburg	GER	21	187	72	Midfield	None	None	None	None	82	70	85%	1	2	2	0	1	2	0	0
Aron Gunnarsson	Iceland	22/04/1989	27	Cardiff	WAL	61	178	70	Midfield	None	None	None	None	40	28	70%	0	0	0	0	7	5	0	0
Yaroslav Rakitskiy	Ukraine	03/08/1989	26	Shakhtar Donetsk	UKR	42	180	70	Defender	None	None	None	None	121	101	83%	2	0	0	0	2	0	0	0
Ricardo Quaresma	Portugal	26/09/1983	32	Beşiktaş	TUR	52	175	67	Forward	None	None	None	None	39	31	79%	1	1	0	0	1	4	1	0
André Gomes	Portugal	30/07/1993	22	Valencia	ESP	10	188	84	Midfield	None	None	None	None	108	92	85%	1	1	2	0	2	1	0	0
Darren Randolph	Republic of Ireland	12/05/1987	29	West Ham	ENG	11	188	98	Goalkeeper	None	None	None	None	49	23	47%	0	0	0	0	None	None	None	None
Artur Jędrzejczyk	Poland	04/11/1987	28	Legia	POL	21	189	78	Defender	None	None	None	None	85	69	81%	0	0	0	0	2	3	0	0
Kyle Lafferty	Northern Ireland	16/09/1987	28	Birmingham	ENG	53	193	88	Forward	None	None	None	None	9	4	44%	0	1	0	0	4	3	0	0
Danilo	Portugal	09/09/1991	24	Porto	POR	13	188	83	Midfield	None	None	None	None	67	63	94%	0	0	1	0	1	0	0	0
Silviu Lung	Romania	04/06/1989	27	Astra	ROU	3	189	78	Goalkeeper	None	None	None	None	None	None	None	0	0	0	0	None	None	None	None
Álvaro Morata	Spain	23/10/1992	23	Juventus	ITA	12	189	85	Forward	3	222	3	0	53	43	81%	6	3	2	0	9	2	0	0
Kyle Walker	England	28/05/1990	26	Tottenham	ENG	18	178	70	Defender	None	None	None	None	75	64	85%	0	0	1	0	2	4	0	0
Aaron Ramsey	Wales	26/12/1990	25	Arsenal	ENG	42	178	76	Midfield	3	275	1	2	147	121	82%	5	1	2	0	4	6	0	0
Darijo Srna	Croatia	01/05/1982	34	Shakhtar Donetsk	UKR	132	178	78	Defender	None	None	None	None	91	73	80%	0	3	0	1	3	8	1	0
Steliano Filip	Romania	15/05/1994	22	Dinamo Bucureşti	ROU	5	177	73	Defender	None	None	None	None	10	4	40%	0	0	0	0	2	0	0	0
Dries Mertens	Belgium	06/05/1987	29	Napoli	ITA	48	169	61	Forward	None	None	None	None	25	19	76%	0	3	3	0	2	1	0	0
David Cotterill	Wales	04/12/1987	28	Birmingham	ENG	23	175	71	Forward	None	None	None	None	None	None	None	0	0	0	0	None	None	None	None
Paul Pogba	France	15/03/1993	23	Juventus	ITA	34	191	84	Midfield	None	None	None	None	127	111	87%	3	3	2	1	5	2	0	0
Mehmet Topal	Turkey	03/03/1986	30	Fenerbahçe	TUR	62	187	82	Midfield	None	None	None	None	105	99	94%	0	0	0	0	1	3	0	0
Jazz Richards	Wales	12/04/1991	25	Fulham	ENG	10	185	78	Defender	None	None	None	None	None	None	None	0	0	0	0	None	None	None	None
William Carvalho	Portugal	07/04/1992	24	Sporting CP	POR	21	187	83	Midfield	None	None	None	None	73	64	88%	1	0	0	0	3	0	0	0
Shkëlzen Gashi	Albania	15/07/1988	27	Colorado	USA	14	182	75	Forward	None	None	None	None	4	2	50%	1	0	0	0	1	0	0	0
Ivan Vargić	Croatia	15/03/1987	29	Rijeka	CRO	2	192	90	Goalkeeper	None	None	None	None	None	None	None	0	0	0	0	None	None	None	None
Frédéric Veseli	Albania	20/11/1992	23	Lugano	SUI	3	183	80	Defender	None	None	None	None	4	4	100%	0	0	0	0	None	None	None	None
Manuel Neuer	Germany	27/03/1986	30	Bayern	GER	68	193	92	Goalkeeper	None	None	None	None	96	92	96%	0	0	0	0	None	None	None	None
James Chester	Wales	23/01/1989	27	West Brom	ENG	14	177	75	Defender	None	None	None	None	108	95	88%	0	0	1	0	3	2	0	0
Angelo Ogbonna	Italy	23/05/1988	28	West Ham	ENG	11	191	86	Defender	None	None	None	None	None	None	None	0	0	0	0	None	None	None	None
Oliver Norwood	Northern Ireland	12/04/1991	25	Reading	ENG	37	180	76	Midfield	None	None	None	None	75	58	77%	1	0	0	0	5	5	0	0
Jiří Skalák	Czech Republic	12/03/1992	24	Brighton	ENG	11	177	76	Midfield	None	None	None	None	4	4	100%	0	0	0	0	None	None	None	None
Patrik Carlgren	Sweden	08/01/1992	24	AIK	SWE	0	188	84	Goalkeeper	None	None	None	None	None	None	None	0	0	0	0	None	None	None	None
Marc-André ter Stegen	Germany	30/04/1992	24	Barcelona	ESP	6	187	85	Goalkeeper	None	None	None	None	None	None	None	0	0	0	0	None	None	None	None
Rúnar Már Sigurjónsson	Iceland	18/06/1990	26	Sundsvall	SWE	11	178	78	Midfield	None	None	None	None	None	None	None	0	0	0	0	None	None	None	None
Marwin Hitz	Switzerland	18/09/1987	28	Augsburg	GER	2	193	86	Goalkeeper	None	None	None	None	None	None	None	0	0	0	0	None	None	None	None
Ivan Perišić	Croatia	02/02/1989	27	Internazionale	ITA	50	187	80	Midfield	3	278	2	1	66	51	77%	4	3	2	1	5	1	1	0
Benoît Costil	France	03/07/1987	28	Rennes	FRA	0	188	86	Goalkeeper	None	None	None	None	None	None	None	0	0	0	0	None	None	None	None
Cenk Tosun	Turkey	07/06/1991	25	Beşiktaş	TUR	11	183	78	Forward	None	None	None	None	8	6	75%	0	1	0	0	6	1	1	0
Rui Patrício	Portugal	15/02/1988	28	Sporting CP	POR	47	190	84	Goalkeeper	None	None	None	None	43	37	86%	0	0	0	0	None	None	None	None
Mario Mandžukić	Croatia	21/05/1986	30	Juventus	ITA	67	190	85	Forward	None	None	None	None	47	32	68%	4	2	2	0	3	2	0	0
James Collins	Wales	23/08/1983	32	West Ham	ENG	47	188	83	Defender	None	None	None	None	None	None	None	0	0	0	0	None	None	None	None
Cristiano Ronaldo	Portugal	05/02/1985	31	Real Madrid	ESP	128	185	80	Forward	None	None	None	None	63	56	89%	5	7	10	1	2	5	0	0
Bruno Soriano	Spain	12/06/1984	32	Villarreal	ESP	10	184	73	Midfield	None	None	None	None	61	60	98%	1	1	0	0	None	None	None	None
 Olexandr Zinchenko	Ukraine	15/12/1996	19	Ufa	RUS	6	175	61	Midfield	None	None	None	None	57	47	82%	1	4	0	0	None	None	None	None
Roman Bürki	Switzerland	14/11/1990	25	Dortmund	GER	5	187	85	Goalkeeper	None	None	None	None	None	None	None	0	0	0	0	None	None	None	None
Michael Lang	Switzerland	08/02/1991	25	Basel	SUI	19	185	79	Defender	None	None	None	None	5	2	40%	0	0	0	0	None	None	None	None
Toni Kroos	Germany	04/01/1990	26	Real Madrid	ESP	68	182	78	Midfield	None	None	None	None	353	328	93%	2	3	3	1	4	3	0	0
Mesut Özil	Germany	15/10/1988	27	Arsenal	ENG	76	180	76	Midfield	None	None	None	None	194	181	93%	3	4	0	0	3	4	1	0
Karol Linetty	Poland	02/02/1995	21	Lech	POL	10	176	74	Midfield	None	None	None	None	None	None	None	0	0	0	0	None	None	None	None
Radja Nainggolan	Belgium	04/05/1988	28	Roma	ITA	21	176	65	Midfield	None	None	None	None	39	34	87%	1	1	1	0	1	0	0	0
Kamil Grosicki	Poland	08/06/1988	28	Rennes	FRA	41	180	78	Midfield	None	None	None	None	18	14	78%	0	1	1	0	2	1	1	0
László Kleinheisler	Hungary	08/04/1994	22	Bremen	GER	7	173	70	Midfield	None	None	None	None	76	58	76%	2	4	1	0	4	7	1	0
Wayne Hennessey	Wales	24/01/1987	29	Crystal Palace	ENG	59	198	90	Goalkeeper	None	None	None	None	53	32	60%	0	0	0	0	None	None	None	None
Daniel Pudil	Czech Republic	27/09/1985	30	Sheff. Wednesday	ENG	33	185	81	Midfield	None	None	None	None	31	25	81%	0	0	0	0	2	1	0	0
Taulant Xhaka	Albania	28/03/1991	25	Basel	SUI	13	172	72	Midfield	None	None	None	None	51	48	94%	0	1	0	0	None	None	None	None
Victor Lindelöf	Sweden	17/07/1994	21	Benfica	POR	5	187	80	Defender	None	None	None	None	86	73	85%	0	0	0	0	1	2	1	0
Thomas Müller	Germany	13/09/1989	26	Bayern	GER	74	186	74	Forward	None	None	None	None	120	98	82%	2	5	1	2	4	4	0	0
Bruno Alves	Portugal	27/11/1981	34	Fenerbahçe	TUR	85	189	83	Defender	None	None	None	None	None	None	None	0	0	0	0	None	None	None	None
Igor Smolnikov	Russia	08/08/1988	27	Zenit	RUS	17	178	70	Defender	None	None	None	None	120	106	88%	0	0	1	0	3	4	0	0
Iker Casillas	Spain	20/05/1981	35	Porto	POR	167	185	84	Goalkeeper	None	None	None	None	None	None	None	0	0	0	0	None	None	None	None
Milan Škriniar	Slovakia	11/02/1995	21	Sampdoria	ITA	3	187	80	Defender	None	None	None	None	None	None	None	0	0	0	0	None	None	None	None
Éder	Portugal	22/12/1987	28	LOSC	FRA	28	188	81	Forward	2	169	1	0	2	2	100%	0	0	0	0	4	1	1	0
Aaron Hughes	Northern Ireland	08/11/1979	36	Melbourne City	AUS	102	183	78	Defender	None	None	None	None	28	19	68%	0	0	0	0	None	None	None	None
Guilherme	Russia	12/12/1985	30	Lokomotiv Moskva	RUS	2	197	78	Goalkeeper	None	None	None	None	None	None	None	0	0	0	0	None	None	None	None
João Moutinho	Portugal	08/09/1986	29	Monaco	FRA	86	171	61	Midfield	None	None	None	None	136	124	91%	1	1	1	0	4	3	0	0
Shani Tarashaj	Switzerland	07/02/1995	21	Grasshoppers	SUI	5	176	77	Forward	None	None	None	None	1	1	100%	0	0	0	0	None	None	None	None
Nuri Şahin	Turkey	05/09/1988	27	Dortmund	GER	50	179	65	Midfield	None	None	None	None	46	43	93%	0	0	0	0	3	0	0	0
Luka Modrić	Croatia	09/09/1985	30	Real Madrid	ESP	91	174	65	Midfield	2	159	1	0	101	90	89%	1	0	0	0	1	2	0	0
Lucas Digne	France	20/07/1993	22	Roma	ITA	13	178	74	Defender	None	None	None	None	None	None	None	0	0	0	0	None	None	None	None
Stuart Dallas	Northern Ireland	19/04/1991	25	Leeds	ENG	16	186	81	Midfield	None	None	None	None	35	24	69%	2	0	0	0	3	1	1	0
Aleksandr Kokorin	Russia	19/03/1991	25	Zenit	RUS	41	181	74	Forward	None	None	None	None	77	60	78%	0	1	3	0	2	5	0	0
Mats Hummels	Germany	16/12/1988	27	Dortmund	GER	48	191	92	Defender	None	None	None	None	150	141	94%	0	1	0	0	2	0	0	0
Tomáš Rosický	Czech Republic	04/10/1980	35	Arsenal	ENG	105	178	65	Midfield	None	None	None	None	51	35	69%	0	0	0	0	3	1	0	0
Sergio Ramos	Spain	30/03/1986	30	Real Madrid	ESP	134	183	75	Defender	None	None	None	None	258	248	96%	1	5	2	0	4	5	1	0
Ciaran Clark	Republic of Ireland	26/09/1989	26	Aston Villa	ENG	19	188	76	Defender	None	None	None	None	47	42	89%	0	2	0	0	2	3	0	0
Jack Wilshere	England	01/01/1992	24	Arsenal	ENG	33	172	65	Midfield	None	None	None	None	43	36	84%	0	0	0	0	1	1	0	0
Orges Shehi	Albania	25/09/1977	38	Skënderbeu	ALB	7	182	78	Goalkeeper	None	None	None	None	None	None	None	0	0	0	0	None	None	None	None
Naser Aliji	Albania	27/12/1993	22	Basel	SUI	4	177	73	Defender	None	None	None	None	None	None	None	0	0	0	0	None	None	None	None
Aleksandr Golovin	Russia	30/05/1996	20	CSKA Moskva	RUS	8	180	69	Midfield	None	None	None	None	69	58	84%	0	1	1	0	3	1	0	0
Adrien Silva	Portugal	15/03/1989	27	Sporting CP	POR	9	175	69	Midfield	None	None	None	None	None	None	None	0	0	0	0	None	None	None	None
Marko Pjaca	Croatia	06/05/1995	21	Dinamo Zagreb	CRO	10	186	81	Forward	None	None	None	None	13	11	85%	0	1	0	0	1	2	0	0
Marko Rog	Croatia	19/07/1995	20	Dinamo Zagreb	CRO	4	180	73	Midfield	None	None	None	None	24	22	92%	0	0	1	0	3	1	1	0
Péter Gulácsi	Hungary	06/05/1990	26	Leipzig	GER	3	190	83	Goalkeeper	None	None	None	None	None	None	None	0	0	0	0	None	None	None	None
Birkir Bjarnason	Iceland	27/05/1988	28	Basel	SUI	49	182	75	Midfield	2	189	1	0	26	20	77%	1	0	0	0	5	2	1	0
David Pavelka	Czech Republic	18/05/1991	25	Kasımpaşa	TUR	10	185	74	Midfield	None	None	None	None	42	36	86%	0	0	0	0	3	0	1	0
Birkir Sævarsson	Iceland	11/11/1984	31	Hammarby	SWE	59	187	81	Defender	None	None	None	None	31	25	81%	0	0	0	0	1	2	1	0
Matúš Kozáčik	Slovakia	27/12/1983	32	Plzeň	CZE	20	193	88	Goalkeeper	None	None	None	None	87	51	59%	0	0	0	0	None	None	None	None
Ivan Rakitić	Croatia	10/03/1988	28	Barcelona	ESP	78	184	78	Midfield	3	278	1	0	70	54	77%	2	6	1	1	5	4	0	0
Aiden McGeady	Republic of Ireland	04/04/1986	30	Sheff. Wednesday	ENG	83	177	71	Midfield	None	None	None	None	14	14	100%	0	1	0	0	None	None	None	None
Emanuele Giaccherini	Italy	05/05/1985	31	Bologna	ITA	27	167	60	Midfield	2	188	1	0	59	49	83%	1	0	1	0	1	1	0	0
Alexandru Măţel	Romania	17/10/1989	26	Dinamo Zagreb	CRO	17	177	72	Defender	None	None	None	None	46	44	96%	0	1	0	0	1	2	1	0
Alessandro Florenzi	Italy	11/03/1991	25	Roma	ITA	18	173	67	Midfield	None	None	None	None	32	24	75%	1	0	0	0	1	0	0	0
Petr Čech	Czech Republic	20/05/1982	34	Arsenal	ENG	124	196	90	Goalkeeper	None	None	None	None	99	62	63%	0	0	0	0	None	None	None	None
Admir Mehmedi	Switzerland	16/03/1991	25	Leverkusen	GER	45	183	81	Forward	3	238	1	0	104	92	88%	2	1	1	0	2	5	0	0
Roman Shishkin	Russia	27/01/1987	29	Lokomotiv Moskva	RUS	11	176	73	Defender	None	None	None	None	None	None	None	0	0	0	0	None	None	None	None
Andy King	Wales	29/10/1988	27	Leicester	ENG	34	183	74	Midfield	None	None	None	None	14	13	93%	0	0	0	0	1	0	0	0
Granit Xhaka	Switzerland	27/09/1992	23	Mönchengladbach	GER	46	185	82	Midfield	None	None	None	None	307	283	92%	0	1	2	0	5	4	1	0
Yannick Carrasco	Belgium	04/09/1993	22	Atlético	ESP	6	180	67	Midfield	None	None	None	None	41	36	88%	0	0	0	0	1	0	0	0
Zlatko Junuzović	Austria	26/09/1987	28	Bremen	GER	49	172	69	Midfield	None	None	None	None	21	15	71%	1	0	0	0	1	1	0	0
Artem Fedetskiy	Ukraine	26/04/1985	31	Dnipro	UKR	52	183	76	Defender	None	None	None	None	104	79	76%	0	0	0	0	5	4	0	0
Federico Marchetti	Italy	07/02/1983	33	Lazio	ITA	11	188	73	Goalkeeper	None	None	None	None	None	None	None	0	0	0	0	None	None	None	None
Robbie Keane	Republic of Ireland	08/07/1980	35	LA Galaxy	USA	144	175	72	Forward	None	None	None	None	4	4	100%	0	0	0	0	None	None	None	None
Alexandru Chipciu	Romania	18/05/1989	27	Steaua	ROU	24	177	74	Midfield	None	None	None	None	42	30	71%	0	1	1	0	2	1	1	0
Romelu Lukaku	Belgium	13/05/1993	23	Everton	ENG	47	190	93	Forward	2	155	2	0	38	32	84%	2	1	0	0	2	0	0	0
Ivan Strinić	Croatia	17/07/1987	28	Napoli	ITA	37	186	78	Defender	None	None	None	None	68	55	81%	0	1	0	0	2	2	1	0
Łukasz Fabiański	Poland	18/04/1985	31	Swansea	ENG	32	190	83	Goalkeeper	None	None	None	None	63	35	56%	0	0	0	0	None	None	None	None
Gareth Bale	Wales	16/07/1989	26	Real Madrid	ESP	58	183	74	Forward	3	272	3	0	70	55	79%	11	3	2	0	3	3	0	0
Breel Embolo	Switzerland	14/02/1997	19	Basel	SUI	13	185	84	Forward	None	None	None	None	27	21	78%	0	2	2	0	3	6	1	0
Andreas Granqvist	Sweden	16/04/1985	31	Krasnodar	RUS	54	192	84	Defender	None	None	None	None	101	90	89%	0	0	0	0	5	5	0	0
Martin Olsson	Sweden	17/05/1988	28	Norwich	ENG	36	170	81	Defender	None	None	None	None	83	72	87%	0	0	1	0	1	2	1	0
Cristian Săpunaru	Romania	05/04/1984	32	Pandurii	ROU	16	187	81	Defender	None	None	None	None	73	64	88%	0	2	0	1	4	4	1	0
Tomasz Jodłowiec	Poland	08/09/1985	30	Legia	POL	46	189	91	Midfield	None	None	None	None	37	26	70%	1	0	1	0	1	0	0	0
Hal Robson-Kanu	Wales	21/05/1989	27	Reading	ENG	32	183	83	Forward	2	95	1	0	9	7	78%	1	0	0	0	1	2	0	0
Gergő Lovrencsics	Hungary	01/09/1988	27	Lech	POL	12	177	79	Midfield	None	None	None	None	None	None	None	0	0	0	0	None	None	None	None
Eidur Gudjohnsen	Iceland	15/09/1978	37	Molde	NOR	87	185	82	Forward	None	None	None	None	3	2	67%	0	0	1	0	None	None	None	None
Owain Fôn Williams	Wales	17/03/1987	29	Inverness	SCO	1	193	77	Goalkeeper	None	None	None	None	None	None	None	0	0	0	0	None	None	None	None
Ján Ďurica	Slovakia	10/12/1981	34	Lokomotiv Moskva	RUS	83	188	86	Defender	None	None	None	None	126	107	85%	0	1	0	0	4	2	1	0
Chris Baird	Northern Ireland	25/02/1982	34	Fulham	ENG	79	181	74	Defender	None	None	None	None	19	16	84%	0	0	0	0	None	None	None	None
Danny Rose	England	02/07/1990	25	Tottenham	ENG	6	173	72	Defender	None	None	None	None	121	109	90%	0	1	0	0	2	1	0	0
Kamil Glik	Poland	03/02/1988	28	Torino	ITA	44	190	80	Defender	None	None	None	None	89	76	85%	0	1	0	0	1	2	0	0
Daniele De Rossi	Italy	24/07/1983	32	Roma	ITA	105	184	83	Midfield	None	None	None	None	74	62	84%	0	0	0	0	3	3	1	0
Stefan Ilsanker	Austria	18/05/1989	27	Leipzig	GER	17	189	86	Midfield	None	None	None	None	28	22	79%	1	0	0	0	2	0	0	0
Barnabás Bese	Hungary	06/05/1994	22	MTK	HUN	1	188	84	Defender	None	None	None	None	None	None	None	0	0	0	0	None	None	None	None
Marcelo Brozović	Croatia	16/11/1992	23	Internazionale	ITA	19	181	68	Midfield	None	None	None	None	59	48	81%	1	5	1	0	6	2	1	0
John O'Shea	Republic of Ireland	30/04/1981	35	Sunderland	ENG	112	191	75	Defender	None	None	None	None	42	33	79%	0	0	0	0	None	None	None	None
Andrei Prepeliţă	Romania	08/12/1985	30	Ludogorets	BUL	12	178	79	Midfield	None	None	None	None	60	51	85%	0	0	0	0	5	4	1	0
Shkodran Mustafi	Germany	17/04/1992	24	Valencia	ESP	11	184	82	Defender	1	94	1	0	84	79	94%	1	0	0	0	3	1	0	0
Grzegorz Krychowiak	Poland	29/01/1990	26	Sevilla	ESP	37	186	83	Midfield	None	None	None	None	145	126	87%	0	1	0	0	1	11	0	0
Łukasz Piszczek	Poland	03/06/1985	31	Dortmund	GER	48	184	79	Defender	None	None	None	None	105	90	86%	0	0	1	0	2	0	1	0
Koke	Spain	08/01/1992	24	Atlético	ESP	23	178	74	Midfield	None	None	None	None	15	14	93%	0	0	0	0	1	1	0	0
Antonio Candreva	Italy	28/02/1987	29	Lazio	ITA	40	180	70	Midfield	None	None	None	None	79	66	84%	2	0	1	0	None	None	None	None
Georgi Schennikov	Russia	27/04/1991	25	CSKA Moskva	RUS	10	180	75	Defender	None	None	None	None	72	63	88%	0	0	0	0	2	0	1	0
Pavel Kadeřábek	Czech Republic	25/04/1992	24	Hoffenheim	GER	21	182	81	Defender	None	None	None	None	68	49	72%	1	1	1	0	5	4	0	0
Jamie Vardy	England	11/01/1987	29	Leicester	ENG	10	178	76	Forward	2	144	1	0	14	12	86%	2	2	0	0	4	3	0	0
Emil Hallfredsson	Iceland	29/06/1984	31	Udinese	ITA	55	185	83	Midfield	None	None	None	None	7	6	86%	0	0	0	0	None	None	None	None
Sam Vokes	Wales	21/10/1989	26	Burnley	ENG	41	186	90	Forward	None	None	None	None	18	13	72%	2	2	0	0	1	0	1	0
Tom Heaton	England	15/04/1986	30	Burnley	ENG	1	188	85	Goalkeeper	None	None	None	None	None	None	None	0	0	0	0	None	None	None	None
Vyacheslav Shevchuk	Ukraine	13/05/1979	37	Shakhtar Donetsk	UKR	55	184	78	Defender	None	None	None	None	64	52	81%	0	3	0	0	2	0	0	0
Rubin Okotie	Austria	06/06/1987	29	1860 München	GER	18	188	86	Forward	None	None	None	None	4	4	100%	0	0	0	0	None	None	None	None
Sergio Busquets	Spain	16/07/1988	27	Barcelona	ESP	86	189	76	Midfield	None	None	None	None	249	237	95%	0	1	0	0	3	4	0	0
Robbie Brady	Republic of Ireland	14/01/1992	24	Norwich	ENG	25	175	69	Midfield	None	None	None	None	69	46	67%	0	2	2	0	None	None	None	None
Norbert Gyömber	Slovakia	03/07/1992	23	Roma	ITA	14	189	74	Defender	None	None	None	None	6	4	67%	0	0	0	0	None	None	None	None
Michal Kadlec	Czech Republic	13/12/1984	31	Fenerbahçe	TUR	65	185	76	Defender	None	None	None	None	None	None	None	0	0	0	0	None	None	None	None
Roman Zozulya	Ukraine	17/11/1989	26	Dnipro	UKR	29	176	72	Forward	None	None	None	None	24	18	75%	2	1	1	0	5	1	0	0
Eden Hazard	Belgium	07/01/1991	25	Chelsea	ENG	67	173	74	Midfield	None	None	None	None	113	95	84%	1	1	1	0	None	None	None	None
David Silva	Spain	08/01/1986	30	Man. City	ENG	102	173	67	Midfield	None	None	None	None	155	136	88%	1	3	4	0	2	5	0	0
Divock Origi	Belgium	18/04/1995	21	Liverpool	ENG	21	185	75	Forward	None	None	None	None	4	1	25%	0	2	0	0	None	None	None	None
Jonas Hector	Germany	27/05/1990	26	Köln	GER	17	185	75	Defender	None	None	None	None	165	152	92%	0	3	0	0	1	2	0	0
Mihály Korhut	Hungary	01/12/1988	27	Debrecen	HUN	5	181	76	Defender	None	None	None	None	None	None	None	0	0	0	0	None	None	None	None
Hugo Lloris	France	26/12/1986	29	Tottenham	ENG	78	188	73	Goalkeeper	None	None	None	None	56	42	75%	0	0	0	0	None	None	None	None
Zoltán Stieber	Hungary	16/10/1988	27	Nürnberg	GER	14	175	67	Midfield	2	82	1	0	30	24	80%	1	0	0	0	2	1	0	0
Joe Hart	England	19/04/1987	29	Man. City	ENG	62	196	89	Goalkeeper	None	None	None	None	81	68	84%	0	0	0	0	None	None	None	None
Mateo Kovačić	Croatia	06/05/1994	22	Real Madrid	ESP	29	178	77	Midfield	None	None	None	None	18	15	83%	0	0	1	0	1	0	0	0
Hordur Magnússon	Iceland	11/02/1993	23	Cesena	ITA	5	190	81	Defender	None	None	None	None	None	None	None	0	0	0	0	None	None	None	None
Mario Götze	Germany	03/06/1992	24	Bayern	GER	55	176	64	Midfield	None	None	None	None	67	62	93%	4	2	1	0	4	2	0	0
Marko Arnautović	Austria	19/04/1989	27	Stoke	ENG	54	192	83	Forward	None	None	None	None	51	40	78%	1	0	0	0	2	3	0	0
Matteo Darmian	Italy	02/12/1989	26	Man. United	ENG	23	182	70	Defender	None	None	None	None	26	19	73%	0	0	0	0	None	None	None	None
Martin Harnik	Austria	10/06/1987	29	Stuttgart	GER	60	185	75	Midfield	None	None	None	None	38	29	76%	0	2	0	0	4	4	1	0
Ergys Kaçe	Albania	08/07/1993	22	PAOK	GRE	17	170	62	Midfield	None	None	None	None	18	18	100%	0	0	1	0	1	2	1	0
Jan Vertonghen	Belgium	24/04/1987	29	Tottenham	ENG	80	189	79	Defender	None	None	None	None	92	80	87%	0	1	0	0	0	2	1	0
André-Pierre Gignac	France	05/12/1985	30	Tigres	MEX	29	187	84	Forward	None	None	None	None	20	16	80%	1	0	3	0	None	None	None	None
İsmail Köybaşı	Turkey	10/07/1989	26	Beşiktaş	TUR	20	177	75	Defender	None	None	None	None	31	27	87%	0	0	0	0	1	1	1	0
Harry Kane	England	28/07/1993	22	Tottenham	ENG	15	188	65	Forward	None	None	None	None	27	19	70%	1	4	3	0	1	5	0	0
Bartosz Salamon	Poland	01/05/1991	25	Cagliari	ITA	8	196	89	Defender	None	None	None	None	None	None	None	0	0	0	0	None	None	None	None
Yunus Mallı	Turkey	24/02/1992	24	Mainz	GER	7	179	70	Midfield	None	None	None	None	5	5	100%	0	1	0	0	None	None	None	None
Daniel Sturridge	England	01/09/1989	26	Liverpool	ENG	20	188	76	Forward	2	124	1	0	53	46	87%	2	2	4	0	1	1	0	0
Fabian Frei	Switzerland	08/01/1989	27	Mainz	GER	9	182	77	Midfield	None	None	None	None	12	12	100%	0	0	1	0	1	1	0	0
Seamus Coleman	Republic of Ireland	11/10/1988	27	Everton	ENG	36	177	67	Defender	None	None	None	None	44	32	73%	0	0	0	0	3	1	0	0
Roland Juhász	Hungary	01/07/1983	32	Videoton	HUN	92	194	96	Defender	None	None	None	None	70	66	94%	0	0	0	0	None	None	None	None
Andrej Kramarić	Croatia	19/06/1991	25	Hoffenheim	GER	13	177	70	Forward	None	None	None	None	2	2	100%	0	0	0	0	1	0	0	0
James McCarthy	Republic of Ireland	12/11/1990	25	Everton	ENG	37	180	72	Midfield	None	None	None	None	34	26	76%	0	0	0	0	4	0	1	0
Oscar Hiljemark	Sweden	28/06/1992	23	Palermo	ITA	9	184	75	Midfield	None	None	None	None	None	None	None	0	0	0	0	None	None	None	None
Sergei Ignashevich	Russia	14/07/1979	36	CSKA Moskva	RUS	119	187	84	Defender	None	None	None	None	189	168	89%	1	1	1	0	3	0	0	0
Artem Dzyuba	Russia	22/08/1988	27	Zenit	RUS	21	196	91	Forward	None	None	None	None	55	36	65%	2	2	1	0	3	7	0	0
Krisztián Németh	Hungary	05/01/1989	27	Al-Gharafa	QAT	24	180	74	Forward	None	None	None	None	36	26	72%	1	0	0	0	2	1	1	0
Shane Ferguson	Northern Ireland	12/07/1991	24	Millwall	ENG	26	176	65	Midfield	None	None	None	None	10	7	70%	0	0	0	0	None	None	None	None
Stephen Quinn	Republic of Ireland	01/04/1986	30	Reading	ENG	15	168	60	Midfield	None	None	None	None	None	None	None	0	0	0	0	None	None	None	None
Simone Zaza	Italy	25/06/1991	24	Juventus	ITA	12	186	83	Forward	None	None	None	None	6	4	67%	0	0	0	0	2	0	0	0
Ján Mucha	Slovakia	05/12/1982	33	Slovan Bratislava	SVK	46	189	90	Goalkeeper	None	None	None	None	None	None	None	0	0	0	0	None	None	None	None
Ján Novota	Slovakia	29/11/1983	32	Rapid Wien	AUT	3	197	90	Goalkeeper	None	None	None	None	None	None	None	0	0	0	0	None	None	None	None
Marcus Berg	Sweden	17/08/1986	29	Panathinaikos	GRE	39	184	75	Forward	None	None	None	None	7	7	100%	0	1	0	0	2	2	0	0
Yuri Lodygin	Russia	26/05/1990	26	Zenit	RUS	11	187	82	Goalkeeper	None	None	None	None	None	None	None	0	0	0	0	None	None	None	None
Aleksandr Samedov	Russia	19/07/1984	31	Lokomotiv Moskva	RUS	30	177	75	Midfield	None	None	None	None	11	10	91%	0	0	0	0	None	None	None	None
Tamás Priskin	Hungary	27/09/1986	29	Slovan Bratislava	SVK	57	189	90	Forward	None	None	None	None	15	14	93%	0	1	0	0	4	1	0	0
Andrés Iniesta	Spain	11/05/1984	32	Barcelona	ESP	111	171	68	Midfield	None	None	None	None	284	265	93%	1	1	2	0	None	None	None	None
Ruslan Rotan	Ukraine	29/10/1981	34	Dnipro	UKR	89	174	67	Midfield	None	None	None	None	86	80	93%	1	0	0	0	4	0	1	0
Sverrir Ingason	Iceland	05/08/1993	22	Lokeren	BEL	6	188	83	Defender	None	None	None	None	None	None	None	0	0	0	0	None	None	None	None
Nathaniel Clyne	England	05/04/1991	25	Liverpool	ENG	13	175	67	Defender	None	None	None	None	42	39	93%	1	0	0	0	None	None	None	None
Yevhen Konoplyanka	Ukraine	29/09/1989	26	Sevilla	ESP	56	176	69	Midfield	None	None	None	None	115	97	84%	2	5	6	0	6	10	1	0
Kevin De Bruyne	Belgium	28/06/1991	24	Man. City	ENG	43	181	68	Midfield	None	None	None	None	86	66	77%	2	1	3	0	1	0	0	0
Attila Fiola	Hungary	17/02/1990	26	Puskás Akadémia	HUN	16	182	70	Defender	None	None	None	None	27	22	81%	1	0	0	0	1	0	0	0
David Edwards	Wales	03/02/1986	30	Wolves	ENG	35	183	78	Midfield	None	None	None	None	38	36	95%	0	0	0	0	2	0	0	0
György Garics	Austria	08/03/1984	32	Darmstadt	GER	41	183	76	Midfield	None	None	None	None	None	None	None	0	0	0	0	None	None	None	None
Răzvan Raţ	Romania	26/05/1981	35	Rayo Vallecano	ESP	113	178	72	Defender	None	None	None	None	61	38	62%	0	0	1	0	2	1	1	0
Daniel Kolář	Czech Republic	27/10/1985	30	Plzeň	CZE	29	180	77	Midfield	None	None	None	None	1	0	0%	0	0	0	0	None	None	None	None
Viktor Pečovský	Slovakia	24/05/1983	33	Žilina	SVK	34	171	74	Midfield	None	None	None	None	45	41	91%	0	1	0	0	3	0	1	0
Theodor Gebre Selassie	Czech Republic	24/12/1986	29	Bremen	GER	37	181	71	Defender	None	None	None	None	10	6	60%	0	0	1	0	2	1	0	0
Gelson Fernandes	Switzerland	02/09/1986	29	Rennes	FRA	58	179	70	Midfield	None	None	None	None	12	11	92%	0	0	0	0	1	0	0	0
Aleksei Berezutski	Russia	20/06/1982	34	CSKA Moskva	RUS	56	190	87	Defender	None	None	None	None	24	23	96%	0	0	0	0	None	None	None	None
Eduardo	Portugal	19/09/1982	33	Dinamo Zagreb	CRO	35	188	89	Goalkeeper	None	None	None	None	None	None	None	0	0	0	0	None	None	None	None
Jamie Ward	Northern Ireland	12/05/1986	30	Nottm Forest	ENG	25	165	68	Midfield	None	None	None	None	20	11	55%	1	0	1	0	1	5	1	0
Yevhen Seleznyov	Ukraine	20/07/1985	30	Shakhtar Donetsk	UKR	52	188	85	Forward	None	None	None	None	14	12	86%	1	1	0	0	2	1	1	0
Michy Batshuayi	Belgium	02/10/1993	22	Marseille	FRA	5	185	78	Forward	None	None	None	None	None	None	None	0	0	0	0	None	None	None	None
Dragoş Grigore	Romania	07/09/1986	29	Al-Sailiya	QAT	23	185	76	Defender	None	None	None	None	112	99	88%	0	0	0	0	4	4	1	0
Jeff Hendrick	Republic of Ireland	31/01/1992	24	Derby	ENG	23	185	79	Midfield	None	None	None	None	78	61	78%	3	1	1	1	2	2	1	0
Pedro Rodríguez	Spain	28/07/1987	28	Chelsea	ENG	58	167	62	Forward	None	None	None	None	8	7	88%	0	0	0	0	None	None	None	None
Joe Allen	Wales	14/03/1990	26	Liverpool	ENG	28	168	62	Midfield	None	None	None	None	107	94	88%	0	1	0	0	3	7	0	0
Roman Neustädter	Russia	18/02/1988	28	Schalke	GER	5	190	83	Defender	None	None	None	None	70	64	91%	0	0	0	0	2	0	0	0
Denis Alibec	Romania	05/01/1991	25	Astra	ROU	6	187	77	Forward	None	None	None	None	20	15	75%	1	1	1	0	4	0	0	0
Andriy Pyatov	Ukraine	28/06/1984	31	Shakhtar Donetsk	UKR	67	190	84	Goalkeeper	None	None	None	None	102	76	75%	0	0	0	0	None	None	None	None
Adil Rami	France	27/12/1985	30	Sevilla	ESP	31	190	90	Defender	None	None	None	None	137	121	88%	0	0	0	0	3	4	1	0
Fabian Schär	Switzerland	20/12/1991	24	Hoffenheim	GER	23	186	84	Defender	3	277	1	0	194	183	94%	2	1	0	0	2	2	1	0
Lucian Sânmărtean	Romania	13/03/1980	36	Al-Ittihad	KSA	21	175	70	Midfield	None	None	None	None	36	31	86%	0	0	1	0	3	2	0	0
Vladimír Darida	Czech Republic	08/08/1990	25	Hertha	GER	39	171	74	Midfield	None	None	None	None	148	123	83%	3	2	2	0	None	None	None	None
Sebastian Prödl	Austria	21/06/1987	29	Watford	ENG	58	194	85	Defender	None	None	None	None	31	26	84%	0	0	0	0	None	None	None	None
Domagoj Vida	Croatia	29/04/1989	27	Dynamo Kyiv	UKR	40	184	73	Defender	None	None	None	None	50	48	96%	0	2	0	0	2	4	1	0
Thiago Motta	Italy	28/08/1982	33	Paris	FRA	28	183	82	Midfield	None	None	None	None	21	19	90%	0	0	0	0	3	0	1	0
Marek Hamšík	Slovakia	27/07/1987	28	Napoli	ITA	90	183	79	Midfield	3	285	1	1	164	143	87%	1	3	5	0	1	2	0	0
Simon Mignolet	Belgium	06/08/1988	27	Liverpool	ENG	17	193	87	Goalkeeper	None	None	None	None	None	None	None	0	0	0	0	None	None	None	None
Tomáš Koubek	Czech Republic	26/08/1992	23	Liberec	CZE	2	198	95	Goalkeeper	None	None	None	None	None	None	None	0	0	0	0	None	None	None	None
Olcay Şahan	Turkey	26/05/1987	29	Beşiktaş	TUR	26	179	71	Midfield	None	None	None	None	10	9	90%	0	2	2	0	1	1	0	0
Cosmin Moţi	Romania	03/12/1984	31	Ludogorets	BUL	8	183	74	Defender	None	None	None	None	None	None	None	0	0	0	0	None	None	None	None
Jón Dadi Bödvarsson	Iceland	25/05/1992	24	Kaiserslautern	GER	23	190	85	Forward	None	None	None	None	29	19	66%	0	2	0	0	3	1	0	0
Taras Stepanenko	Ukraine	08/08/1989	26	Shakhtar Donetsk	UKR	32	181	75	Midfield	None	None	None	None	163	143	88%	0	1	1	0	5	2	0	0
Oleg Ivanov	Russia	04/08/1986	29	Terek	RUS	5	192	87	Midfield	None	None	None	None	None	None	None	0	0	0	0	None	None	None	None
Bacary Sagna	France	14/02/1983	33	Man. City	ENG	60	176	72	Defender	None	None	None	None	105	101	96%	0	1	0	0	None	None	None	None
Raphael Guerreiro	Portugal	22/12/1993	22	Lorient	FRA	9	170	67	Defender	None	None	None	None	121	108	89%	1	0	0	0	1	2	0	0
Róbert Mak	Slovakia	08/03/1991	25	PAOK	GRE	30	179	78	Midfield	None	None	None	None	88	78	89%	2	3	0	0	1	1	1	0
Stephan Lichtsteiner	Switzerland	16/01/1984	32	Juventus	ITA	84	182	75	Defender	None	None	None	None	82	69	84%	1	0	1	0	2	4	0	0
Costel Pantilimon	Romania	01/02/1987	29	Watford	ENG	21	203	96	Goalkeeper	None	None	None	None	None	None	None	0	0	0	0	None	None	None	None
Vieirinha	Portugal	24/01/1986	30	Wolfsburg	GER	24	172	73	Midfield	None	None	None	None	81	68	84%	2	0	1	0	1	2	0	0
Nico Elvedi	Switzerland	30/09/1996	19	Mönchengladbach	GER	1	188	83	Defender	None	None	None	None	None	None	None	0	0	0	0	None	None	None	None
Thomas Vermaelen	Belgium	14/11/1985	30	Barcelona	ESP	55	183	80	Defender	None	None	None	None	96	91	95%	0	0	0	0	2	3	1	0
Jakob Jantscher	Austria	08/01/1989	27	Luzern	SUI	22	181	69	Midfield	None	None	None	None	None	None	None	0	0	0	0	None	None	None	None
Benedikt Höwedes	Germany	29/02/1988	28	Schalke	GER	37	187	82	Defender	None	None	None	None	68	61	90%	0	0	0	0	3	2	0	0
Pavel Mamaev	Russia	17/09/1988	27	Krasnodar	RUS	15	178	70	Midfield	None	None	None	None	106	96	91%	0	2	0	0	2	1	1	0
Conor Washington	Northern Ireland	18/05/1992	24	QPR	ENG	7	178	74	Forward	None	None	None	None	14	9	64%	0	3	0	0	3	1	0	0
Marcel Sabitzer	Austria	17/03/1994	22	Leipzig	GER	20	177	74	Midfield	None	None	None	None	33	24	73%	0	1	0	0	None	None	None	None
Piotr Zieliński	Poland	20/05/1994	22	Empoli	ITA	16	177	64	Midfield	None	None	None	None	9	7	78%	0	0	0	0	None	None	None	None
Ádám Nagy	Hungary	17/06/1995	21	Ferencváros	HUN	10	178	74	Midfield	None	None	None	None	106	100	94%	0	1	0	0	2	1	1	0
Dimitri Payet	France	29/03/1987	29	West Ham	ENG	22	175	77	Midfield	3	219	2	1	135	108	80%	2	3	3	1	1	2	0	0
Šime Vrsaljko	Croatia	10/01/1992	24	Sassuolo	ITA	21	183	75	Defender	None	None	None	None	19	17	89%	0	0	0	0	1	1	1	0
Kim Källström	Sweden	24/08/1982	33	Grasshoppers	SUI	130	185	87	Midfield	None	None	None	None	123	97	79%	0	0	0	0	2	1	0	0
David Alaba	Austria	24/06/1992	23	Bayern	GER	48	180	75	Midfield	None	None	None	None	73	52	71%	1	1	3	1	None	None	None	None
Danny Ward	Wales	22/06/1993	23	Liverpool	ENG	3	191	88	Goalkeeper	None	None	None	None	26	9	35%	0	0	0	0	None	None	None	None
Juanfran	Spain	09/01/1985	31	Atlético	ESP	20	180	72	Defender	None	None	None	None	115	102	89%	0	1	0	0	2	1	0	0
Steve von Bergen	Switzerland	10/06/1983	33	Young Boys	SUI	50	182	79	Defender	None	None	None	None	None	None	None	0	0	0	0	None	None	None	None
Andriy Yarmolenko	Ukraine	23/10/1989	26	Dynamo Kyiv	UKR	62	189	81	Midfield	None	None	None	None	93	78	84%	3	1	2	0	2	6	0	0
Jakub Błaszczykowski	Poland	14/12/1985	30	Fiorentina	ITA	82	176	77	Midfield	3	208	1	1	69	61	88%	1	1	2	0	1	4	0	0
Zlatan Ibrahimović	Sweden	03/10/1981	34	Paris	FRA	115	195	95	Forward	None	None	None	None	66	46	70%	0	3	3	0	6	4	0	0
Ari Skúlason	Iceland	14/05/1987	29	OB	DEN	40	170	65	Defender	None	None	None	None	33	21	64%	0	0	0	0	2	0	0	0
Vladimír Weiss	Slovakia	30/11/1989	26	Al-Gharafa	QAT	55	173	71	Midfield	3	233	1	1	79	63	80%	2	2	0	0	3	1	1	0
Alan Mannus	Northern Ireland	19/05/1982	34	St Johnstone	SCO	8	188	84	Goalkeeper	None	None	None	None	None	None	None	0	0	0	0	None	None	None	None
Moussa Sissoko	France	16/08/1989	26	Newcastle	ENG	40	187	83	Midfield	None	None	None	None	32	30	94%	0	1	0	0	1	1	0	0
Denis Zakaria	Switzerland	20/11/1996	19	Young Boys	SUI	2	191	76	Midfield	None	None	None	None	None	None	None	0	0	0	0	None	None	None	None
Serhiy Rybalka	Ukraine	01/04/1990	26	Dynamo Kyiv	UKR	9	176	70	Midfield	None	None	None	None	None	None	None	0	0	0	0	None	None	None	None
Volkan Şen	Turkey	07/07/1987	28	Fenerbahçe	TUR	19	175	68	Midfield	None	None	None	None	37	30	81%	0	0	1	0	4	1	1	0
Oleg Shatov	Russia	29/07/1990	25	Zenit	RUS	25	173	73	Midfield	None	None	None	None	79	66	84%	0	1	1	0	3	3	0	0
Alfred Finnbogason	Iceland	01/02/1989	27	Augsburg	GER	36	184	78	Forward	None	None	None	None	7	5	71%	1	0	0	0	3	3	2	0
Robin Olsen	Sweden	08/01/1990	26	København	DEN	4	198	89	Goalkeeper	None	None	None	None	None	None	None	0	0	0	0	None	None	None	None
Ciro Immobile	Italy	20/02/1990	26	Torino	ITA	14	185	78	Forward	None	None	None	None	5	3	60%	1	0	0	0	1	0	0	0
Burim Kukeli	Albania	16/01/1984	32	Zürich	SUI	17	180	72	Midfield	None	None	None	None	99	92	93%	0	0	0	0	4	1	2	0
Julian Baumgartlinger	Austria	02/01/1988	28	Mainz	GER	47	183	82	Midfield	None	None	None	None	95	87	92%	0	0	0	0	3	4	0	0
Jordan Henderson	England	17/06/1990	26	Liverpool	ENG	27	182	67	Midfield	None	None	None	None	78	73	94%	0	0	2	0	1	0	0	0
Shay Given	Republic of Ireland	20/04/1976	40	Stoke	ENG	133	185	84	Goalkeeper	None	None	None	None	None	None	None	0	0	0	0	None	None	None	None
Bartosz Kapustka	Poland	23/12/1996	19			10	179	60	Midfield	None	None	None	None	58	46	79%	1	2	1	0	5	2	2	0
Shane Duffy	Republic of Ireland	01/01/1992	24	Blackburn	ENG	3	193	76	Defender	None	None	None	None	None	None	None	0	0	0	0	None	None	None	None
Martin Hinteregger	Austria	07/09/1992	23	Mönchengladbach	GER	16	184	78	Defender	None	None	None	None	84	72	86%	0	1	2	0	2	1	1	0
Marek Suchý	Czech Republic	29/03/1988	28	Basel	SUI	27	184	84	Defender	None	None	None	None	None	None	None	0	0	0	0	None	None	None	None
Etrit Berisha	Albania	10/03/1989	27	Lazio	ITA	37	194	92	Goalkeeper	None	None	None	None	103	62	60%	0	0	0	0	None	None	None	None
Olivier Giroud	France	30/09/1986	29	Arsenal	ENG	51	192	88	Forward	2	173	1	0	40	26	65%	2	6	0	1	3	2	1	0
Jimmy Durmaz	Sweden	22/03/1989	27	Olympiacos	GRE	31	180	69	Midfield	None	None	None	None	4	4	100%	0	1	0	0	None	None	None	None
Ozan Tufan	Turkey	23/03/1995	21	Fenerbahçe	TUR	27	179	70	Midfield	3	286	1	0	95	75	79%	2	1	0	0	4	5	1	0
Igor Akinfeev	Russia	08/04/1986	30	CSKA Moskva	RUS	89	186	82	Goalkeeper	None	None	None	None	83	60	72%	0	0	0	0	None	None	None	None
Onur Kıvrak	Turkey	01/01/1988	28	Trabzonspor	TUR	12	187	74	Goalkeeper	None	None	None	None	None	None	None	0	0	0	0	None	None	None	None
Olexandr Karavaev	Ukraine	02/06/1992	24	Zorya	UKR	3	173	65	Midfield	None	None	None	None	None	None	None	0	0	0	0	None	None	None	None
Sami Khedira	Germany	04/04/1987	29	Juventus	ITA	63	189	90	Midfield	None	None	None	None	221	196	89%	3	2	2	0	2	2	1	0
Valon Behrami	Switzerland	19/04/1985	31	Watford	ENG	69	185	78	Midfield	None	None	None	None	185	171	92%	0	0	0	0	4	8	1	0
Shane Long	Republic of Ireland	22/01/1987	29	Southampton	ENG	65	180	81	Forward	None	None	None	None	29	19	66%	0	1	0	0	5	3	0	0
Martin Škrtel	Slovakia	15/12/1984	31	Liverpool	ENG	84	193	81	Defender	None	None	None	None	155	137	88%	0	0	0	0	3	3	1	0
Bořek Dočkal	Czech Republic	30/09/1988	27	Sparta Praha	CZE	25	182	72	Midfield	None	None	None	None	23	19	83%	0	0	0	0	None	None	None	None
Lorik Cana	Albania	27/07/1983	32	Nantes	FRA	92	186	77	Midfield	None	None	None	None	20	18	90%	1	0	0	0	2	1	2	1
Kingsley Coman	France	13/06/1996	20	Bayern	GER	8	178	71	Midfield	None	None	None	None	53	45	85%	0	2	0	0	1	8	0	0
Mërgim Mavraj	Albania	09/06/1986	30	Köln	GER	29	189	84	Defender	None	None	None	None	109	90	83%	0	3	0	0	1	1	1	0
Fraser Forster	England	17/03/1988	28	Southampton	ENG	6	201	73	Goalkeeper	None	None	None	None	None	None	None	0	0	0	0	None	None	None	None
Gianluigi Buffon	Italy	28/01/1978	38	Juventus	ITA	158	192	91	Goalkeeper	None	None	None	None	72	64	89%	0	0	0	0	0	0	1	0
Ovidiu Hoban	Romania	27/12/1982	33	H. Beer-Sheva	ISR	23	182	80	Midfield	None	None	None	None	98	82	84%	1	2	2	0	6	2	0	0
Hannes Halldórsson	Iceland	27/04/1984	32	Bodø/Glimt	NOR	35	193	87	Goalkeeper	None	None	None	None	63	43	68%	0	0	0	0	None	None	None	None
Ross Barkley	England	05/12/1993	22	Everton	ENG	22	189	76	Midfield	None	None	None	None	None	None	None	0	0	0	0	None	None	None	None
Sławomir Peszko	Poland	19/02/1985	31	Lechia	POL	39	173	70	Midfield	None	None	None	None	1	0	0%	0	0	0	0	1	0	1	0
Antoine Griezmann	France	21/03/1991	25	Atlético	ESP	30	176	67	Forward	3	173	1	0	54	43	80%	2	1	2	1	2	0	0	0
Sergio Rico	Spain	01/09/1993	22	Sevilla	ESP	1	195	90	Goalkeeper	None	None	None	None	None	None	None	0	0	0	0	None	None	None	None
Ondrej Duda	Slovakia	05/12/1994	21	Legia	POL	14	181	74	Midfield	3	159	1	0	57	50	88%	1	1	0	0	2	3	0	0
Conor McLaughlin	Northern Ireland	26/07/1991	24	Fleetwood	ENG	19	183	71	Defender	None	None	None	None	16	8	50%	0	0	0	0	1	0	0	0
Balázs Dzsudzsák	Hungary	23/12/1986	29	Bursaspor	TUR	79	179	72	Forward	None	None	None	None	57	43	75%	3	1	2	0	None	None	None	None
Haukur Heidar Hauksson	Iceland	01/09/1991	24	AIK	SWE	7	187	79	Defender	None	None	None	None	None	None	None	0	0	0	0	None	None	None	None
Corry Evans	Northern Ireland	30/07/1990	25	Blackburn	ENG	36	173	70	Midfield	None	None	None	None	26	22	85%	0	0	1	0	3	3	0	0
Odise Roshi	Albania	22/05/1991	25	Rijeka	CRO	34	187	78	Midfield	None	None	None	None	33	24	73%	0	0	0	0	None	None	None	None
Jon Walters	Republic of Ireland	20/09/1983	32	Stoke	ENG	39	183	79	Forward	None	None	None	None	7	4	57%	0	0	0	0	1	2	0	0
Gerard Piqué	Spain	02/02/1987	29	Barcelona	ESP	80	193	85	Defender	3	281	1	0	180	170	94%	2	2	0	0	1	1	0	0
Alessandro Schöpf	Austria	07/02/1994	22	Schalke	GER	6	178	75	Midfield	None	None	None	None	27	27	100%	0	1	0	0	2	2	1	0
Danijel Subašić	Croatia	27/10/1984	31	Monaco	FRA	24	191	87	Goalkeeper	None	None	None	None	85	51	60%	0	0	0	0	None	None	None	None
Toby Alderweireld	Belgium	02/03/1989	27	Tottenham	ENG	57	186	81	Defender	None	None	None	None	106	100	94%	0	2	1	0	None	None	None	None
Ashley Williams	Wales	23/08/1984	31	Swansea	ENG	62	183	71	Defender	None	None	None	None	80	69	86%	0	2	0	0	3	1	0	0
Şener Özbayraklı	Turkey	23/01/1990	26	Fenerbahçe	TUR	8	171	71	Defender	None	None	None	None	None	None	None	0	0	0	0	None	None	None	None
Nemanja Nikolić	Hungary	31/12/1987	28	Legia	POL	19	180	80	Forward	None	None	None	None	6	5	83%	0	0	0	0	1	0	0	0
Armando Sadiku	Albania	27/05/1991	25	Vaduz	LIE	22	185	80	Forward	3	239	1	0	43	26	60%	2	1	2	0	5	2	0	0
Stephan El Shaarawy	Italy	27/10/1992	23	Roma	ITA	19	178	72	Forward	None	None	None	None	None	None	None	0	0	0	0	None	None	None	None
Ramazan Özcan	Austria	28/06/1984	31	Ingolstadt	GER	7	187	84	Goalkeeper	None	None	None	None	None	None	None	0	0	0	0	None	None	None	None
Aritz Aduriz	Spain	11/02/1981	35	Athletic	ESP	8	181	75	Forward	None	None	None	None	13	12	92%	0	1	1	0	2	1	0	0
Tomáš Necid	Czech Republic	13/08/1989	26	Bursaspor	TUR	42	190	81	Forward	3	180	1	0	42	22	52%	3	1	0	0	4	6	0	0
César Azpilicueta	Spain	28/08/1989	26	Chelsea	ENG	16	178	75	Defender	None	None	None	None	6	6	100%	0	0	0	0	1	0	0	0
Jordan Lukaku	Belgium	25/07/1994	21	Oostende	BEL	4	186	83	Defender	None	None	None	None	None	None	None	0	0	0	0	None	None	None	None
Federico Bernardeschi	Italy	16/02/1994	22	Fiorentina	ITA	4	183	75	Midfield	None	None	None	None	None	None	None	0	0	0	0	None	None	None	None
Joe Ledley	Wales	23/01/1987	29	Crystal Palace	ENG	64	183	73	Midfield	None	None	None	None	54	50	93%	0	0	0	0	2	4	0	0
Richárd Guzmics	Hungary	16/04/1987	29	Wisła	POL	16	190	80	Defender	None	None	None	None	113	100	88%	0	0	0	0	2	1	0	0
Renato Sanches	Portugal	18/08/1997	18	Benfica	POR	6	176	70	Midfield	None	None	None	None	11	10	91%	0	0	0	0	1	0	0	0
Miroslav Stoch	Slovakia	19/10/1989	26	Bursaspor	TUR	55	169	66	Midfield	None	None	None	None	10	8	80%	0	0	0	0	None	None	None	None
Jean-François Gillet	Belgium	31/05/1979	37	Mechelen	BEL	9	181	82	Goalkeeper	None	None	None	None	None	None	None	0	0	0	0	None	None	None	None
Stanislav Šesták	Slovakia	16/12/1982	33	Ferencváros	HUN	65	180	74	Forward	None	None	None	None	None	None	None	0	0	0	0	None	None	None	None
Stephen Ward	Republic of Ireland	20/08/1985	30	Burnley	ENG	33	184	72	Defender	None	None	None	None	35	30	86%	1	1	0	0	None	None	None	None
Jakub Wawrzyniak	Poland	07/07/1983	32	Lechia	POL	46	188	85	Defender	None	None	None	None	None	None	None	0	0	0	0	None	None	None	None
Arkadiusz Milik	Poland	28/02/1994	22	Ajax	NED	29	186	78	Forward	3	279	1	1	68	57	84%	4	5	1	0	2	9	0	0
Johan Djourou	Switzerland	18/01/1987	29	Hamburg	GER	63	191	87	Defender	None	None	None	None	181	170	94%	0	0	0	0	1	0	0	0
Amir Abrashi	Albania	27/03/1990	26	Freiburg	GER	21	172	71	Midfield	None	None	None	None	119	109	92%	1	0	2	0	4	9	1	0
Lukas Hinterseer	Austria	28/03/1991	25	Ingolstadt	GER	11	192	84	Forward	None	None	None	None	None	None	None	0	0	0	0	None	None	None	None
Dániel Böde	Hungary	24/10/1986	29	Ferencváros	HUN	13	185	77	Forward	None	None	None	None	4	3	75%	1	0	0	0	1	0	0	0
Juraj Kucka	Slovakia	26/02/1987	29	Milan	ITA	50	186	86	Midfield	None	None	None	None	121	100	83%	1	1	0	0	7	10	1	0
Caner Erkin	Turkey	04/10/1988	27	Fenerbahçe	TUR	49	181	76	Defender	None	None	None	None	80	57	71%	1	0	0	0	1	1	0	0
Salvatore Sirigu	Italy	12/01/1987	29	Paris	FRA	16	192	80	Goalkeeper	None	None	None	None	None	None	None	0	0	0	0	None	None	None	None
Heinz Lindner	Austria	17/07/1990	25	Frankfurt	GER	8	187	80	Goalkeeper	None	None	None	None	None	None	None	0	0	0	0	None	None	None	None
Tomáš Vaclík	Czech Republic	29/03/1989	27	Basel	SUI	6	188	85	Goalkeeper	None	None	None	None	None	None	None	0	0	0	0	None	None	None	None
Ákos Elek	Hungary	21/07/1988	27	Diósgyőr	HUN	38	193	91	Midfield	None	None	None	None	None	None	None	0	0	0	0	None	None	None	None
Adam Lallana	England	10/05/1988	28	Liverpool	ENG	26	172	73	Midfield	None	None	None	None	90	81	90%	2	3	2	0	4	2	0	0
Elseid Hysaj	Albania	20/02/1994	22	Napoli	ITA	22	182	70	Defender	None	None	None	None	105	82	78%	0	0	1	0	1	5	1	0
Alban Hoxha	Albania	23/11/1987	28	Partizani	ALB	1	188	79	Goalkeeper	None	None	None	None	None	None	None	0	0	0	0	None	None	None	None
Anthony Martial	France	05/12/1995	20	Man. United	ENG	11	181	76	Forward	None	None	None	None	21	13	62%	1	0	2	0	1	1	0	0
Emir Kujovic	Sweden	22/06/1988	28	Norrköping	SWE	2	194	87	Forward	None	None	None	None	None	None	None	0	0	0	0	None	None	None	None
Erkan Zengin	Sweden	05/08/1985	30	Trabzonspor	TUR	20	180	72	Midfield	None	None	None	None	None	None	None	0	0	0	0	None	None	None	None
Ricardo Carvalho	Portugal	18/05/1978	38	Monaco	FRA	88	183	78	Defender	None	None	None	None	124	122	98%	0	2	0	0	2	1	0	0
Gary Cahill	England	19/12/1985	30	Chelsea	ENG	46	193	86	Defender	None	None	None	None	144	132	92%	1	3	1	0	1	1	1	0
Marco Parolo	Italy	25/01/1985	31	Lazio	ITA	22	184	75	Midfield	None	None	None	None	63	52	83%	0	1	1	1	2	4	0	0
Tin Jedvaj	Croatia	28/11/1995	20	Leverkusen	GER	4	184	80	Defender	None	None	None	None	40	37	93%	1	0	0	0	None	None	None	None
Tomáš Hubočan	Slovakia	17/09/1985	30	Dinamo Moskva	RUS	46	184	70	Defender	None	None	None	None	47	39	83%	0	0	0	0	2	0	0	0
Vasili Berezutski	Russia	20/06/1982	34	CSKA Moskva	RUS	98	189	87	Defender	3	233	1	0	207	189	91%	1	1	0	0	1	1	0	0
Milan Škoda	Czech Republic	16/01/1986	30	Slavia Praha	CZE	11	190	86	Forward	2	66	1	0	11	7	64%	2	0	0	0	2	0	0	0
Yohan Cabaye	France	14/01/1986	30	Crystal Palace	ENG	47	174	71	Midfield	None	None	None	None	44	40	91%	0	0	1	0	2	0	0	0
Dušan Švento	Slovakia	01/08/1985	30	Köln	GER	42	178	70	Defender	None	None	None	None	41	29	71%	0	0	0	0	None	None	None	None
Dele Alli	England	11/04/1996	20	Tottenham	ENG	11	188	73	Midfield	None	None	None	None	103	84	82%	0	4	4	0	2	5	0	0
Duje Čop	Croatia	01/02/1990	26	Málaga	ESP	5	184	73	Forward	None	None	None	None	None	None	None	0	0	0	0	None	None	None	None
Christian Kabasele	Belgium	24/02/1991	25	Genk	BEL	0	186	84	Defender	None	None	None	None	None	None	None	0	0	0	0	None	None	None	None
Jérôme Boateng	Germany	03/09/1988	27	Bayern	GER	62	192	90	Defender	None	None	None	None	221	204	92%	0	0	1	0	2	2	1	0
Chris Gunter	Wales	21/07/1989	26	Reading	ENG	70	180	71	Defender	None	None	None	None	94	77	82%	0	0	0	0	1	3	0	0
Eren Derdiyok	Switzerland	12/06/1988	28	Kasımpaşa	TUR	52	191	90	Forward	None	None	None	None	None	None	None	0	0	0	0	None	None	None	None
Milan Badelj	Croatia	25/02/1989	27	Fiorentina	ITA	23	186	76	Midfield	None	None	None	None	126	108	86%	1	3	0	0	3	3	1	0
Thomas Meunier	Belgium	12/09/1991	24	Club Brugge	BEL	6	190	78	Defender	None	None	None	None	38	33	87%	0	1	0	0	None	None	None	None
Jordi Alba	Spain	21/03/1989	27	Barcelona	ESP	46	170	68	Defender	None	None	None	None	211	199	94%	1	0	1	0	2	3	0	0
Ádám Lang	Hungary	17/01/1993	23	Videoton	HUN	13	185	77	Defender	None	None	None	None	105	98	93%	0	0	0	0	2	1	0	0
Dénes Dibusz	Hungary	16/11/1990	25	Ferencváros	HUN	4	188	81	Goalkeeper	None	None	None	None	None	None	None	0	0	0	0	None	None	None	None
José Fonte	Portugal	22/12/1983	32	Southampton	ENG	12	187	81	Defender	None	None	None	None	None	None	None	0	0	0	0	None	None	None	None
Lorenzo Insigne	Italy	04/06/1991	25	Napoli	ITA	9	163	59	Forward	None	None	None	None	None	None	None	0	0	0	0	None	None	None	None
Nolito	Spain	15/10/1986	29	Celta	ESP	12	175	65	Forward	3	234	1	1	100	90	90%	1	4	2	0	7	2	0	0
Neil Taylor	Wales	07/02/1989	27	Swansea	ENG	31	175	64	Defender	3	282	1	0	63	45	71%	2	1	0	0	4	1	0	0
David Meyler	Republic of Ireland	29/05/1989	27	Hull	ENG	16	189	91	Midfield	None	None	None	None	None	None	None	0	0	0	0	None	None	None	None
Ante Ćorić	Croatia	14/04/1997	19	Dinamo Zagreb	CRO	2	172	78	Midfield	None	None	None	None	None	None	None	0	0	0	0	None	None	None	None
David Limberský	Czech Republic	06/10/1983	32	Plzeň	CZE	40	179	79	Defender	None	None	None	None	45	34	76%	0	0	0	0	6	2	1	0
Xherdan Shaqiri	Switzerland	10/10/1991	24	Stoke	ENG	56	169	72	Midfield	None	None	None	None	118	98	83%	2	2	3	0	7	2	0	0
Fedor Smolov	Russia	09/02/1990	26	Krasnodar	RUS	17	187	80	Forward	None	None	None	None	55	41	75%	1	5	2	0	2	2	0	0
Emre Can	Germany	12/01/1994	22	Liverpool	ENG	6	184	82	Midfield	None	None	None	None	None	None	None	0	0	0	0	None	None	None	None
Nicolae Stanciu	Romania	07/05/1993	23	Steaua	ROU	7	170	69	Midfield	None	None	None	None	76	53	70%	0	4	1	0	2	1	0	0
Denis Glushakov	Russia	27/01/1987	29	Spartak Moskva	RUS	46	182	80	Midfield	3	154	1	0	97	85	88%	1	3	0	0	6	0	0	0
Johann Gudmundsson	Iceland	27/10/1990	25	Charlton	ENG	49	178	72	Forward	None	None	None	None	39	25	64%	1	0	0	0	2	0	1	0
Volkan Babacan	Turkey	11/08/1988	27	İstanbul Başakşehir	TUR	20	192	86	Goalkeeper	None	None	None	None	74	36	49%	0	0	0	0	None	None	None	None
Eliseu	Portugal	01/10/1983	32	Benfica	POR	16	180	75	Defender	None	None	None	None	None	None	None	0	0	0	0	None	None	None	None
Steve Mandanda	France	28/03/1985	31	Marseille	FRA	22	185	82	Goalkeeper	None	None	None	None	None	None	None	0	0	0	0	None	None	None	None
Mattia De Sciglio	Italy	20/10/1992	23	Milan	ITA	23	183	74	Defender	None	None	None	None	10	8	80%	0	0	0	0	None	None	None	None
Andrea Barzagli	Italy	08/05/1981	35	Juventus	ITA	58	187	87	Defender	None	None	None	None	100	92	92%	0	0	0	0	None	None	None	None
