team,name,birthday,age,club,club_country,caps,height,weight,position,club_city,club_country_code,lat,lng
Albania,Etrit Berisha,10/03/1989,27,Lazio,ITA,36,194,92,Goalkeeper,None,IT,42.0774133,12.7135482
Albania,Orges Shehi,25/09/1977,38,Skënderbeu,ALB,7,182,78,Goalkeeper,Gjakovë,None,42.3764079,20.4385842
Albania,Alban Hoxha,23/11/1987,28,Partizani,ALB,1,188,79,Goalkeeper,Fier,AL,40.7279595,19.5601487
Albania,Andi Lila,12/02/1986,30,Giannina,GRE,58,184,79,Defender,None,GR,39.7706318,20.8076084
Albania,Elseid Hysaj,20/02/1994,22,Napoli,ITA,21,182,70,Defender,Naples,IT,40.8517746,14.2681244
Albania,Frédéric Veseli,20/11/1992,23,Lugano,SUI,3,183,80,Defender,Lugano,CH,46.0036778,8.951051999999999
Albania,Ansi Agolli,11/10/1982,33,Qarabağ,AZE,63,179,70,Defender,Masallı,AZ,39.0307442,48.67284
Albania,Mërgim Mavraj,09/06/1986,30,Köln,GER,28,189,84,Defender,Cologne,DE,50.937531,6.9602786
Albania,Naser Aliji,27/12/1993,22,Basel,SUI,4,177,73,Defender,Basel,CH,47.5595986,7.5885761
Albania,Arlind Ajeti,25/09/1993,22,Frosinone,ITA,10,185,81,Defender,Frosinone,IT,41.6396009,13.3426341
Albania,Ermir Lenjani,05/08/1989,26,Nantes,FRA,20,175,65,Midfield,Nantes,FR,47.218371,-1.553621
Albania,Lorik Cana,27/07/1983,32,Nantes,FRA,91,186,77,Midfield,Nantes,FR,47.218371,-1.553621
Albania,Migjen Basha,05/01/1987,29,Como,ITA,18,180,72,Midfield,Como,IT,45.8080597,9.0851765
Albania,Ledian Memushaj,17/12/1986,29,Pescara,ITA,14,175,71,Midfield,Pescara,IT,42.4617902,14.2160898
Albania,Burim Kukeli,16/01/1984,32,Zürich,SUI,17,180,72,Midfield,Zürich,CH,47.3768866,8.541694
Albania,Taulant Xhaka,28/03/1991,25,Basel,SUI,13,172,72,Midfield,Basel,CH,47.5595986,7.5885761
Albania,Ergys Kaçe,08/07/1993,22,PAOK,GRE,17,170,62,Midfield,None,None,None,None
Albania,Odise Roshi,22/05/1991,25,Rijeka,CRO,33,187,78,Midfield,Rijeka,HR,45.3270631,14.442176
Albania,Amir Abrashi,27/03/1990,26,Freiburg,GER,20,172,71,Midfield,Freiburg,DE,47.9990077,7.842104299999999
Albania,Armando Sadiku,27/05/1991,25,Vaduz,LIE,21,185,80,Forward,Vaduz,LI,47.1410303,9.5209277
Albania,Shkëlzen Gashi,15/07/1988,27,Colorado,USA,14,182,75,Forward,None,US,39.5500507,-105.7820674
Albania,Sokol Çikalleshi,27/07/1990,25,İstanbul Başakşehir,TUR,19,185,79,Forward,Başakşehir,TR,41.083333,28.816667
Albania,Bekim Balaj,11/01/1991,25,Rijeka,CRO,15,188,80,Forward,Rijeka,HR,45.3270631,14.442176
Austria,Robert Almer,20/03/1984,32,Austria Wien,AUT,29,194,88,Goalkeeper,Vienna,AT,48.2081743,16.3738189
Austria,Heinz Lindner,17/07/1990,25,Frankfurt,GER,8,187,80,Goalkeeper,Frankfurt,DE,50.1109221,8.6821267
Austria,Ramazan Özcan,28/06/1984,31,Ingolstadt,GER,7,187,84,Goalkeeper,Ingolstadt,DE,48.7665351,11.4257541
Austria,Aleksandar Dragović,06/03/1991,25,Dynamo Kyiv,UKR,48,184,76,Defender,Kyiv,UA,50.32,30.564428
Austria,Martin Hinteregger,07/09/1992,23,Mönchengladbach,GER,15,184,78,Defender,MG,DE,51.1804572,6.4428041
Austria,Christian Fuchs,07/04/1986,30,Leicester,ENG,76,186,80,Defender,Leicester,GB,52.6368778,-1.1397592
Austria,Markus Suttner,16/04/1987,29,Ingolstadt,GER,16,179,72,Defender,Ingolstadt,DE,48.7665351,11.4257541
Austria,Sebastian Prödl,21/06/1987,28,Watford,ENG,57,194,85,Defender,Watford,GB,51.656489,-0.39032
Austria,Kevin Wimmer,15/11/1992,23,Tottenham,ENG,3,187,85,Defender,London,GB,51.60496740000001,-0.0722785
Austria,Florian Klein,17/11/1986,29,Stuttgart,GER,38,180,66,Defender,Stuttgart,DE,48.7758459,9.1829321
Austria,György Garics,08/03/1984,32,Darmstadt,GER,41,183,76,Midfield,Darmstadt,DE,49.8728253,8.6511929
Austria,Stefan Ilsanker,18/05/1989,27,Leipzig,GER,16,189,86,Midfield,Leipzig,DE,51.3396955,12.3730747
Austria,David Alaba,24/06/1992,23,Bayern,GER,47,180,75,Midfield,None,DE,48.7904472,11.4978895
Austria,Zlatko Junuzović,26/09/1987,28,Bremen,GER,49,172,69,Midfield,Bremen,DE,53.07929619999999,8.8016937
Austria,Martin Harnik,10/06/1987,29,Stuttgart,GER,59,185,75,Midfield,Stuttgart,DE,48.7758459,9.1829321
Austria,Julian Baumgartlinger,02/01/1988,28,Mainz,GER,46,183,82,Midfield,MZ,DE,49.9928617,8.2472526
Austria,Alessandro Schöpf,07/02/1994,22,Schalke,GER,5,178,75,Midfield,GE,DE,51.5196426,7.087121
Austria,Marcel Sabitzer,17/03/1994,22,Leipzig,GER,19,177,74,Midfield,Leipzig,DE,51.3396955,12.3730747
Austria,Jakob Jantscher,08/01/1989,27,Luzern,SUI,22,181,69,Midfield,Lucerne,CH,47.05016819999999,8.3093072
Austria,Marko Arnautović,19/04/1989,27,Stoke,ENG,53,192,83,Forward,Stoke,GB,53.002668,-2.179404
Austria,Rubin Okotie,06/06/1987,29,1860 München,GER,18,188,86,Forward,Hirschbach,DE,49.55754940000001,11.5836489
Austria,Lukas Hinterseer,28/03/1991,25,Ingolstadt,GER,10,192,84,Forward,Ingolstadt,DE,48.7665351,11.4257541
Austria,Marc Janko,25/06/1983,32,Basel,SUI,55,196,93,Forward,Basel,CH,47.5595986,7.5885761
Belgium,Thibaut Courtois,11/05/1992,24,Chelsea,ENG,38,199,91,Goalkeeper,London,GB,51.485093,-0.174936
Belgium,Simon Mignolet,06/08/1988,27,Liverpool,ENG,17,193,87,Goalkeeper,Liverpool,GB,53.4083714,-2.9915726
Belgium,Jean-François Gillet,31/05/1979,37,Mechelen,BEL,9,181,82,Goalkeeper,Mechelen,BE,51.0258761,4.477536199999999
Belgium,Toby Alderweireld,02/03/1989,27,Tottenham,ENG,56,186,81,Defender,London,GB,51.60496740000001,-0.0722785
Belgium,Thomas Vermaelen,14/11/1985,30,Barcelona,ESP,54,183,80,Defender,Barcelona,ES,41.3850639,2.1734035
Belgium,Jan Vertonghen,24/04/1987,29,Tottenham,ENG,79,189,79,Defender,London,GB,51.60496740000001,-0.0722785
Belgium,Jason Denayer,28/06/1995,20,Galatasaray,TUR,7,184,70,Defender,None,TR,36.548905,31.989431
Belgium,Thomas Meunier,12/09/1991,24,Club Brugge,BEL,5,190,78,Defender,None,None,None,None
Belgium,Christian Kabasele,24/02/1991,25,Genk,BEL,0,186,84,Defender,Genk,BE,50.96613,5.5021
Belgium,Jordan Lukaku,25/07/1994,21,Oostende,BEL,4,186,83,Defender,Ostend,BE,51.21543,2.928656
Belgium,Laurent Ciman,05/08/1985,30,Montreal,CAN,12,184,70,Defender,Montreal,CA,45.5016889,-73.567256
Belgium,Radja Nainggolan,04/05/1988,28,Roma,ITA,20,176,65,Midfield,Rome,IT,41.9027835,12.4963655
Belgium,Axel Witsel,12/01/1989,27,Zenit,RUS,69,186,73,Midfield,Zenit,RU,59.69947819999999,30.0870107
Belgium,Kevin De Bruyne,28/06/1991,24,Man. City,ENG,42,181,68,Midfield,Manchester,GB,53.4807593,-2.2426305
Belgium,Marouane Fellaini,22/11/1987,28,Man. United,ENG,71,194,85,Midfield,Stretford,GB,53.4630484,-2.2951326
Belgium,Eden Hazard,07/01/1991,25,Chelsea,ENG,66,173,74,Midfield,London,GB,51.485093,-0.174936
Belgium,Yannick Carrasco,04/09/1993,22,Atlético,ESP,5,180,67,Midfield,Madrid,ES,40.3757325,-3.7423397
Belgium,Mousa Dembélé,16/07/1987,28,Tottenham,ENG,64,185,82,Midfield,London,GB,51.60496740000001,-0.0722785
Belgium,Romelu Lukaku,13/05/1993,23,Everton,ENG,46,190,93,Forward,Everton,GB,53.425713,-2.966368
Belgium,Dries Mertens,06/05/1987,29,Napoli,ITA,47,169,61,Forward,Naples,IT,40.8517746,14.2681244
Belgium,Divock Origi,18/04/1995,21,Liverpool,ENG,21,185,75,Forward,Liverpool,GB,53.4083714,-2.9915726
Belgium,Christian Benteke,03/12/1990,25,Liverpool,ENG,27,190,83,Forward,Liverpool,GB,53.4083714,-2.9915726
Belgium,Michy Batshuayi,02/10/1993,22,Marseille,FRA,5,185,78,Forward,Marseille,FR,43.296482,5.36978
Croatia,Ivan Vargić,15/03/1987,29,Rijeka,CRO,2,192,90,Goalkeeper,Rijeka,HR,45.3270631,14.442176
Croatia,Lovre Kalinić,03/04/1990,26,Hajduk Split,CRO,4,201,96,Goalkeeper,None,None,None,None
Croatia,Danijel Subašić,27/10/1984,31,Monaco,FRA,22,191,87,Goalkeeper,Monaco-Ville,MC,43.73741099999999,7.420815999999999
Croatia,Šime Vrsaljko,10/01/1992,24,Sassuolo,ITA,19,183,75,Defender,Sassuolo,IT,44.54433,10.7847741
Croatia,Ivan Strinić,17/07/1987,28,Napoli,ITA,36,186,78,Defender,Naples,IT,40.8517746,14.2681244
Croatia,Vedran Ćorluka,05/02/1986,30,Lokomotiv Moskva,RUS,88,192,84,Defender,Moskva,RU,55.800076,37.739931
Croatia,Tin Jedvaj,28/11/1995,20,Leverkusen,GER,3,184,80,Defender,LEV,DE,51.04592479999999,7.0192196
Croatia,Darijo Srna,01/05/1982,34,Shakhtar Donetsk,UKR,130,178,78,Defender,Donetsk,UA,47.971263,37.842979
Croatia,Gordon Schildenfeld,18/03/1985,31,Dinamo Zagreb,CRO,28,191,89,Defender,Novo Čiče,HR,45.70622909999999,16.1163926
Croatia,Domagoj Vida,29/04/1989,27,Dynamo Kyiv,UKR,39,184,73,Defender,Kyiv,UA,50.32,30.564428
Croatia,Ivan Perišić,02/02/1989,27,Internazionale,ITA,48,187,80,Midfield,None,IT,45.7924983,6.9254824
Croatia,Ivan Rakitić,10/03/1988,28,Barcelona,ESP,76,184,78,Midfield,Barcelona,ES,41.3850639,2.1734035
Croatia,Mateo Kovačić,06/05/1994,22,Real Madrid,ESP,27,178,77,Midfield,Madrid,ES,40.3626461,-3.7388727
Croatia,Luka Modrić,09/09/1985,30,Real Madrid,ESP,90,174,65,Midfield,Madrid,ES,40.3626461,-3.7388727
Croatia,Marcelo Brozović,16/11/1992,23,Internazionale,ITA,18,181,68,Midfield,None,IT,45.7924983,6.9254824
Croatia,Marko Rog,19/07/1995,20,Dinamo Zagreb,CRO,3,180,73,Midfield,Novo Čiče,HR,45.70622909999999,16.1163926
Croatia,Ante Ćorić,14/04/1997,19,Dinamo Zagreb,CRO,2,172,78,Midfield,Novo Čiče,HR,45.70622909999999,16.1163926
Croatia,Milan Badelj,25/02/1989,27,Fiorentina,ITA,21,186,76,Midfield,Fiorentina,IT,42.9636137,10.5355882
Croatia,Andrej Kramarić,19/06/1991,24,Hoffenheim,GER,12,177,70,Forward,Sinsheim,DE,49.27284710000001,8.842996099999999
Croatia,Nikola Kalinić,05/01/1988,28,Fiorentina,ITA,29,187,80,Forward,Fiorentina,IT,42.9636137,10.5355882
Croatia,Mario Mandžukić,21/05/1986,30,Juventus,ITA,66,190,85,Forward,São Paulo,BR,-23.5711578,-46.5904639
Croatia,Marko Pjaca,06/05/1995,21,Dinamo Zagreb,CRO,9,186,81,Forward,Novo Čiče,HR,45.70622909999999,16.1163926
Croatia,Duje Čop,01/02/1990,26,Málaga,ESP,4,184,73,Forward,Málaga,ES,36.721261,-4.4212655
Czech Republic,Petr Čech,20/05/1982,34,Arsenal,ENG,122,196,90,Goalkeeper,London,GB,51.5584654,-0.1057342
Czech Republic,Tomáš Vaclík,29/03/1989,27,Basel,SUI,6,188,85,Goalkeeper,Basel,CH,47.5595986,7.5885761
Czech Republic,Tomáš Koubek,26/08/1992,23,Liberec,CZE,2,198,95,Goalkeeper,Liberec,CZ,50.76627999999999,15.0543387
Czech Republic,Pavel Kadeřábek,25/04/1992,24,Hoffenheim,GER,19,182,81,Defender,Sinsheim,DE,49.27284710000001,8.842996099999999
Czech Republic,Michal Kadlec,13/12/1984,31,Fenerbahçe,TUR,65,185,76,Defender,None,TR,40.97428620000001,29.0430833
Czech Republic,Theodor Gebre Selassie,24/12/1986,29,Bremen,GER,37,181,71,Defender,Bremen,DE,53.07929619999999,8.8016937
Czech Republic,Roman Hubník,06/06/1984,32,Plzeň,CZE,27,191,86,Defender,Pilsen,CZ,49.7384314,13.3736371
Czech Republic,Tomáš Sivok,15/09/1983,32,Bursaspor,TUR,56,185,77,Defender,None,None,None,None
Czech Republic,David Limberský,06/10/1983,32,Plzeň,CZE,39,179,79,Defender,Pilsen,CZ,49.7384314,13.3736371
Czech Republic,Marek Suchý,29/03/1988,28,Basel,SUI,27,184,84,Defender,Basel,CH,47.5595986,7.5885761
Czech Republic,Bořek Dočkal,30/09/1988,27,Sparta Praha,CZE,24,182,72,Midfield,Prague,CZ,50.099298,14.418488
Czech Republic,Tomáš Rosický,04/10/1980,35,Arsenal,ENG,104,178,65,Midfield,London,GB,51.5584654,-0.1057342
Czech Republic,Daniel Pudil,27/09/1985,30,Sheff. Wednesday,ENG,32,185,81,Midfield,Sheffield,GB,53.4158749,-1.5077223
Czech Republic,Jaroslav Plašil,05/01/1982,34,Bordeaux,FRA,101,182,72,Midfield,Bordeaux,FR,44.837789,-0.57918
Czech Republic,Daniel Kolář,27/10/1985,30,Plzeň,CZE,28,180,77,Midfield,Pilsen,CZ,49.7384314,13.3736371
Czech Republic,David Pavelka,18/05/1991,25,Kasımpaşa,TUR,9,185,74,Midfield,Kasımpaşa,TR,38.764537,30.539422
Czech Republic,Josef Šural,30/05/1990,26,Sparta Praha,CZE,12,184,81,Midfield,Prague,CZ,50.099298,14.418488
Czech Republic,Ladislav Krejčí,05/07/1992,23,Sparta Praha,CZE,24,180,67,Midfield,Prague,CZ,50.099298,14.418488
Czech Republic,Jiří Skalák,12/03/1992,24,Brighton,ENG,10,177,76,Midfield,Brighton,GB,50.82253000000001,-0.137163
Czech Republic,Vladimír Darida,08/08/1990,25,Hertha,GER,37,171,74,Midfield,Hohen Neuendorf,DE,52.66571219999999,13.3139583
Czech Republic,Tomáš Necid,13/08/1989,26,Bursaspor,TUR,40,190,81,Forward,None,None,None,None
Czech Republic,Milan Škoda,16/01/1986,30,Slavia Praha,CZE,9,190,86,Forward,Prague,CZ,50.069527,14.470683
Czech Republic,David Lafata,18/09/1981,34,Sparta Praha,CZE,40,180,72,Forward,Prague,CZ,50.099298,14.418488
England,Joe Hart,19/04/1987,29,Man. City,ENG,61,196,89,Goalkeeper,Manchester,GB,53.4807593,-2.2426305
England,Fraser Forster,17/03/1988,28,Southampton,ENG,6,201,73,Goalkeeper,Southampton,GB,50.90970040000001,-1.4043509
England,Tom Heaton,15/04/1986,30,Burnley,ENG,1,188,85,Goalkeeper,Burnley,GB,53.7892877,-2.2405035
England,Kyle Walker,28/05/1990,26,Tottenham,ENG,18,178,70,Defender,London,GB,51.60496740000001,-0.0722785
England,Danny Rose,02/07/1990,25,Tottenham,ENG,6,173,72,Defender,London,GB,51.60496740000001,-0.0722785
England,Gary Cahill,19/12/1985,30,Chelsea,ENG,45,193,86,Defender,London,GB,51.485093,-0.174936
England,Chris Smalling,22/11/1989,26,Man. United,ENG,27,192,81,Defender,Stretford,GB,53.4630484,-2.2951326
England,Nathaniel Clyne,05/04/1991,25,Liverpool,ENG,12,175,67,Defender,Liverpool,GB,53.4083714,-2.9915726
England,John Stones,28/05/1994,22,Everton,ENG,10,188,70,Defender,Everton,GB,53.425713,-2.966368
England,Ryan Bertrand,05/08/1989,26,Southampton,ENG,8,179,85,Defender,Southampton,GB,50.90970040000001,-1.4043509
England,James Milner,04/01/1986,30,Liverpool,ENG,61,175,70,Midfield,Liverpool,GB,53.4083714,-2.9915726
England,Raheem Sterling,08/12/1994,21,Man. City,ENG,25,170,69,Midfield,Manchester,GB,53.4807593,-2.2426305
England,Adam Lallana,10/05/1988,28,Liverpool,ENG,25,172,73,Midfield,Liverpool,GB,53.4083714,-2.9915726
England,Jordan Henderson,17/06/1990,25,Liverpool,ENG,26,182,67,Midfield,Liverpool,GB,53.4083714,-2.9915726
England,Eric Dier,15/01/1994,22,Tottenham,ENG,9,188,88,Midfield,London,GB,51.60496740000001,-0.0722785
England,Jack Wilshere,01/01/1992,24,Arsenal,ENG,32,172,65,Midfield,London,GB,51.5584654,-0.1057342
England,Ross Barkley,05/12/1993,22,Everton,ENG,22,189,76,Midfield,Everton,GB,53.425713,-2.966368
England,Dele Alli,11/04/1996,20,Tottenham,ENG,10,188,73,Midfield,London,GB,51.60496740000001,-0.0722785
England,Harry Kane,28/07/1993,22,Tottenham,ENG,14,188,65,Forward,London,GB,51.60496740000001,-0.0722785
England,Wayne Rooney,24/10/1985,30,Man. United,ENG,113,176,83,Forward,Stretford,GB,53.4630484,-2.2951326
England,Jamie Vardy,11/01/1987,29,Leicester,ENG,9,178,76,Forward,Leicester,GB,52.6368778,-1.1397592
England,Daniel Sturridge,01/09/1989,26,Liverpool,ENG,19,188,76,Forward,Liverpool,GB,53.4083714,-2.9915726
England,Marcus Rashford,31/10/1997,18,Man. United,ENG,2,180,70,Forward,Stretford,GB,53.4630484,-2.2951326
France,Hugo Lloris,26/12/1986,29,Tottenham,ENG,77,188,73,Goalkeeper,London,GB,51.60496740000001,-0.0722785
France,Steve Mandanda,28/03/1985,31,Marseille,FRA,22,185,82,Goalkeeper,Marseille,FR,43.296482,5.36978
France,Benoît Costil,03/07/1987,28,Rennes,FRA,0,188,86,Goalkeeper,Rennes,FR,48.117266,-1.6777926
France,Christophe Jallet,31/10/1983,32,Lyon,FRA,11,178,70,Defender,Lyon,FR,45.764043,4.835659
France,Patrice Evra,15/05/1981,35,Juventus,ITA,75,174,74,Defender,São Paulo,BR,-23.5711578,-46.5904639
France,Adil Rami,27/12/1985,30,Sevilla,ESP,30,190,90,Defender,Seville,ES,37.3890924,-5.9844589
France,Eliaquim Mangala,13/02/1991,25,Man. City,ENG,7,188,84,Defender,Manchester,GB,53.4807593,-2.2426305
France,Lucas Digne,20/07/1993,22,Roma,ITA,13,178,74,Defender,Rome,IT,41.9027835,12.4963655
France,Bacary Sagna,14/02/1983,33,Man. City,ENG,59,176,72,Defender,Manchester,GB,53.4807593,-2.2426305
France,Laurent Koscielny,10/09/1985,30,Arsenal,ENG,31,186,75,Defender,London,GB,51.5584654,-0.1057342
France,Samuel Umtiti,14/11/1993,22,Lyon,FRA,0,180,75,Defender,Lyon,FR,45.764043,4.835659
France,N'Golo Kanté,29/03/1991,25,Leicester,ENG,6,169,68,Midfield,Leicester,GB,52.6368778,-1.1397592
France,Yohan Cabaye,14/01/1986,30,Crystal Palace,ENG,46,174,71,Midfield,London,GB,51.4198825,-0.0785415
France,Dimitri Payet,29/03/1987,29,West Ham,ENG,21,175,77,Midfield,Westham,GB,50.815665,0.323885
France,Morgan Schneiderlin,08/11/1989,26,Man. United,ENG,15,180,75,Midfield,Stretford,GB,53.4630484,-2.2951326
France,Blaise Matuidi,09/04/1987,29,Paris,FRA,46,175,70,Midfield,Paris,FR,48.856614,2.3522219
France,Paul Pogba,15/03/1993,23,Juventus,ITA,33,191,84,Midfield,São Paulo,BR,-23.5711578,-46.5904639
France,Moussa Sissoko,16/08/1989,26,Newcastle,ENG,39,187,83,Midfield,Newcastle upon Tyne,GB,54.978252,-1.61778
France,Kingsley Coman,13/06/1996,20,Bayern,GER,7,178,71,Midfield,None,DE,48.7904472,11.4978895
France,Antoine Griezmann,21/03/1991,25,Atlético,ESP,29,176,67,Forward,Madrid,ES,40.3757325,-3.7423397
France,Olivier Giroud,30/09/1986,29,Arsenal,ENG,51,192,88,Forward,London,GB,51.5584654,-0.1057342
France,André-Pierre Gignac,05/12/1985,30,Tigres,MEX,28,187,84,Forward,Monterrey,MX,25.6542431,-100.2818836
France,Anthony Martial,05/12/1995,20,Man. United,ENG,11,181,76,Forward,Stretford,GB,53.4630484,-2.2951326
Germany,Manuel Neuer,27/03/1986,30,Bayern,GER,66,193,92,Goalkeeper,None,DE,48.7904472,11.4978895
Germany,Bernd Leno,04/03/1992,24,Leverkusen,GER,1,190,83,Goalkeeper,LEV,DE,51.04592479999999,7.0192196
Germany,Marc-André ter Stegen,30/04/1992,24,Barcelona,ESP,6,187,85,Goalkeeper,Barcelona,ES,41.3850639,2.1734035
Germany,Shkodran Mustafi,17/04/1992,24,Valencia,ESP,11,184,82,Defender,Valencia,ES,39.4699075,-0.3762881
Germany,Jonas Hector,27/05/1990,26,Köln,GER,15,185,75,Defender,Cologne,DE,50.937531,6.9602786
Germany,Benedikt Höwedes,29/02/1988,28,Schalke,GER,35,187,82,Defender,GE,DE,51.5196426,7.087121
Germany,Mats Hummels,16/12/1988,27,Dortmund,GER,46,191,92,Defender,DO,DE,51.5135872,7.465298100000001
Germany,Jonathan Tah,11/02/1996,20,Leverkusen,GER,1,-,-,Defender,LEV,DE,51.04592479999999,7.0192196
Germany,Jérôme Boateng,03/09/1988,27,Bayern,GER,60,192,90,Defender,None,DE,48.7904472,11.4978895
Germany,Joshua Kimmich,08/02/1995,21,Bayern,GER,1,176,70,Defender,None,DE,48.7904472,11.4978895
Germany,Sami Khedira,04/04/1987,29,Juventus,ITA,61,189,90,Midfield,São Paulo,BR,-23.5711578,-46.5904639
Germany,Bastian Schweinsteiger,01/08/1984,31,Man. United,ENG,116,183,79,Midfield,Stretford,GB,53.4630484,-2.2951326
Germany,Mesut Özil,15/10/1988,27,Arsenal,ENG,74,180,76,Midfield,London,GB,51.5584654,-0.1057342
Germany,André Schürrle,06/11/1990,25,Wolfsburg,GER,53,184,74,Midfield,WOB,DE,52.4226503,10.7865461
Germany,Julian Draxler,20/09/1993,22,Wolfsburg,GER,20,187,72,Midfield,WOB,DE,52.4226503,10.7865461
Germany,Emre Can,12/01/1994,22,Liverpool,ENG,6,184,82,Midfield,Liverpool,GB,53.4083714,-2.9915726
Germany,Julian Weigl,08/09/1995,20,Dortmund,GER,1,186,71,Midfield,DO,DE,51.5135872,7.465298100000001
Germany,Toni Kroos,04/01/1990,26,Real Madrid,ESP,66,182,78,Midfield,Madrid,ES,40.3626461,-3.7388727
Germany,Mario Götze,03/06/1992,24,Bayern,GER,53,176,64,Midfield,None,DE,48.7904472,11.4978895
Germany,Leroy Sané,11/01/1996,20,Schalke,GER,3,183,75,Midfield,GE,DE,51.5196426,7.087121
Germany,Lukas Podolski,04/06/1985,31,Galatasaray,TUR,128,182,83,Forward,None,TR,36.548905,31.989431
Germany,Thomas Müller,13/09/1989,26,Bayern,GER,72,186,74,Forward,None,DE,48.7904472,11.4978895
Germany,Mario Gomez,10/07/1985,30,Beşiktaş,TUR,64,189,93,Forward,None,TR,41.068616,29.0285355
Hungary,Gábor Király,01/04/1976,40,Haladás,HUN,103,190,85,Goalkeeper,Nadap,HU,47.257112,18.6171884
Hungary,Dénes Dibusz,16/11/1990,25,Ferencváros,HUN,4,188,81,Goalkeeper,Budapest,HU,47.4683766,19.0819885
Hungary,Péter Gulácsi,06/05/1990,26,Leipzig,GER,3,190,83,Goalkeeper,Leipzig,DE,51.3396955,12.3730747
Hungary,Ádám Lang,17/01/1993,23,Videoton,HUN,12,185,77,Defender,Veszprém,HU,47.0498377,17.9124854
Hungary,Mihály Korhut,01/12/1988,27,Debrecen,HUN,5,181,76,Defender,Debrecen,HU,47.5316049,21.6273123
Hungary,Tamás Kádár,14/03/1990,26,Lech,POL,30,188,79,Defender,Gdańsk,PL,54.3788433,18.468075
Hungary,Attila Fiola,17/02/1990,26,Puskás Akadémia,HUN,16,182,70,Defender,None,None,None,None
Hungary,Ádám Pintér,12/06/1988,28,Ferencváros,HUN,21,190,76,Defender,Budapest,HU,47.4683766,19.0819885
Hungary,Richárd Guzmics,16/04/1987,29,Wisła,POL,15,190,80,Defender,Wisła,PL,49.6473215,18.867739
Hungary,Barnabás Bese,06/05/1994,22,MTK,HUN,1,188,84,Defender,Budapest,HU,47.5068059,19.0179405
Hungary,Roland Juhász,01/07/1983,32,Videoton,HUN,91,194,96,Defender,Veszprém,HU,47.0498377,17.9124854
Hungary,Ákos Elek,21/07/1988,27,Diósgyőr,HUN,38,193,91,Midfield,Miskolc,HU,48.10002129999999,20.6899256
Hungary,Ádám Nagy,17/06/1995,20,Ferencváros,HUN,9,178,74,Midfield,Budapest,HU,47.4683766,19.0819885
Hungary,Gergő Lovrencsics,01/09/1988,27,Lech,POL,12,177,79,Midfield,Gdańsk,PL,54.3788433,18.468075
Hungary,László Kleinheisler,08/04/1994,22,Bremen,GER,6,173,70,Midfield,Bremen,DE,53.07929619999999,8.8016937
Hungary,Zoltán Stieber,16/10/1988,27,Nürnberg,GER,13,175,67,Midfield,Nord,DE,49.45203,11.07675
Hungary,Balázs Dzsudzsák,23/12/1986,29,Bursaspor,TUR,78,179,72,Forward,None,None,None,None
Hungary,Ádám Szalai,09/12/1987,28,Hannover,GER,32,193,91,Forward,Hanover,DE,52.3758916,9.732010400000002
Hungary,Zoltán Gera,22/04/1979,37,Ferencváros,HUN,89,183,75,Forward,Budapest,HU,47.4683766,19.0819885
Hungary,Krisztián Németh,05/01/1989,27,Al-Gharafa,QAT,24,180,74,Forward,None,QA,25.3325814,51.44670929999999
Hungary,Dániel Böde,24/10/1986,29,Ferencváros,HUN,12,185,77,Forward,Budapest,HU,47.4683766,19.0819885
Hungary,Nemanja Nikolić,31/12/1987,28,Legia,POL,18,180,80,Forward,Pińczów,PL,50.5145668,20.5206169
Hungary,Tamás Priskin,27/09/1986,29,Slovan Bratislava,SVK,56,189,90,Forward,Bratislava,SK,48.1727265,17.1315226
Iceland,Hannes Halldórsson,27/04/1984,32,Bodø/Glimt,NOR,34,193,87,Goalkeeper,Bodo,NO,67.2803556,14.404916
Iceland,Ögmundur Kristinsson,19/06/1989,26,Hammarby,SWE,11,192,89,Goalkeeper,Hammarby,SE,60.545951,16.5699828
Iceland,Ingvar Jónsson,18/10/1989,26,Sandefjord,NOR,5,188,82,Goalkeeper,Sandefjord,NO,59.1313095,10.2165948
Iceland,Birkir Sævarsson,11/11/1984,31,Hammarby,SWE,58,187,81,Defender,Hammarby,SE,60.545951,16.5699828
Iceland,Haukur Heidar Hauksson,01/09/1991,24,AIK,SWE,7,187,79,Defender,Sjöbo,SE,55.6299905,13.6625538
Iceland,Hjörtur Hermannsson,08/02/1995,21,Göteborg,SWE,3,189,81,Defender,Gothenburg,SE,57.70887,11.97456
Iceland,Sverrir Ingason,05/08/1993,22,Lokeren,BEL,6,188,83,Defender,Lokeren,BE,51.10234130000001,3.9940663
Iceland,Ragnar Sigurdsson,19/06/1986,29,Krasnodar,RUS,57,187,77,Defender,Krasnodar,RU,45.03926740000001,38.987221
Iceland,Elmar Bjarnason,04/03/1987,29,AGF,DEN,28,183,78,Defender,Viby J,DK,56.126591,10.1769624
Iceland,Hordur Magnússon,11/02/1993,23,Cesena,ITA,5,190,81,Defender,Cesena,IT,44.1396438,12.2464292
Iceland,Arnor Ingvi Traustason,30/04/1993,23,Norrköping,SWE,7,183,74,Defender,Norrköping,SE,58.587745,16.192421
Iceland,Ari Skúlason,14/05/1987,29,OB,DEN,39,170,65,Defender,פ"ת,IL,32.084018,34.862965
Iceland,Birkir Bjarnason,27/05/1988,28,Basel,SUI,48,182,75,Midfield,Basel,CH,47.5595986,7.5885761
Iceland,Gylfi Sigurdsson,08/09/1989,26,Swansea,ENG,40,186,77,Midfield,Swansea,GB,51.62144,-3.943645999999999
Iceland,Kári Árnason,13/10/1982,33,Malmö,SWE,48,190,79,Midfield,Malmö,SE,55.604981,13.003822
Iceland,Rúnar Már Sigurjónsson,18/06/1990,25,Sundsvall,SWE,11,178,78,Midfield,Sundsvall,SE,62.390811,17.306927
Iceland,Aron Gunnarsson,22/04/1989,27,Cardiff,WAL,60,178,70,Midfield,Cardiff,GB,51.48158100000001,-3.17909
Iceland,Emil Hallfredsson,29/06/1984,31,Udinese,ITA,54,185,83,Midfield,Udine,IT,46.0710668,13.2345794
Iceland,Johann Gudmundsson,27/10/1990,25,Charlton,ENG,48,178,72,Forward,Charlton,GB,52.02184099999999,-1.227595
Iceland,Kolbeinn Sigthórsson,14/03/1990,26,Nantes,FRA,40,185,70,Forward,Nantes,FR,47.218371,-1.553621
Iceland,Alfred Finnbogason,01/02/1989,27,Augsburg,GER,35,184,78,Forward,A,DE,48.3705449,10.89779
Iceland,Jón Dadi Bödvarsson,25/05/1992,24,Kaiserslautern,GER,22,190,85,Forward,KL,DE,49.4400657,7.7491265
Iceland,Eidur Gudjohnsen,15/09/1978,37,Molde,NOR,86,185,82,Forward,Molde,NO,62.73723520000001,7.1607306
Italy,Gianluigi Buffon,28/01/1978,38,Juventus,ITA,157,192,91,Goalkeeper,São Paulo,BR,-23.5711578,-46.5904639
Italy,Salvatore Sirigu,12/01/1987,29,Paris,FRA,16,192,80,Goalkeeper,Paris,FR,48.856614,2.3522219
Italy,Federico Marchetti,07/02/1983,33,Lazio,ITA,11,188,73,Goalkeeper,None,IT,42.0774133,12.7135482
Italy,Mattia De Sciglio,20/10/1992,23,Milan,ITA,23,183,74,Defender,Milan,IT,45.4654219,9.1859243
Italy,Giorgio Chiellini,14/08/1984,31,Juventus,ITA,85,187,86,Defender,São Paulo,BR,-23.5711578,-46.5904639
Italy,Matteo Darmian,02/12/1989,26,Man. United,ENG,23,182,70,Defender,Stretford,GB,53.4630484,-2.2951326
Italy,Angelo Ogbonna,23/05/1988,28,West Ham,ENG,11,191,86,Defender,Westham,GB,50.815665,0.323885
Italy,Andrea Barzagli,08/05/1981,35,Juventus,ITA,57,187,87,Defender,São Paulo,BR,-23.5711578,-46.5904639
Italy,Leonardo Bonucci,01/05/1987,29,Juventus,ITA,58,190,86,Defender,São Paulo,BR,-23.5711578,-46.5904639
Italy,Antonio Candreva,28/02/1987,29,Lazio,ITA,39,180,70,Midfield,None,IT,42.0774133,12.7135482
Italy,Alessandro Florenzi,11/03/1991,25,Roma,ITA,17,173,67,Midfield,Rome,IT,41.9027835,12.4963655
Italy,Thiago Motta,28/08/1982,33,Paris,FRA,27,183,82,Midfield,Paris,FR,48.856614,2.3522219
Italy,Stefano Sturaro,09/03/1993,23,Juventus,ITA,1,178,78,Midfield,São Paulo,BR,-23.5711578,-46.5904639
Italy,Daniele De Rossi,24/07/1983,32,Roma,ITA,104,184,83,Midfield,Rome,IT,41.9027835,12.4963655
Italy,Marco Parolo,25/01/1985,31,Lazio,ITA,21,184,75,Midfield,None,IT,42.0774133,12.7135482
Italy,Federico Bernardeschi,16/02/1994,22,Fiorentina,ITA,4,183,75,Midfield,Fiorentina,IT,42.9636137,10.5355882
Italy,Emanuele Giaccherini,05/05/1985,31,Bologna,ITA,26,167,60,Midfield,Bologna,IT,44.494887,11.3426163
Italy,Simone Zaza,25/06/1991,24,Juventus,ITA,11,186,83,Forward,São Paulo,BR,-23.5711578,-46.5904639
Italy,Graziano Pellè,15/07/1985,30,Southampton,ENG,14,194,84,Forward,Southampton,GB,50.90970040000001,-1.4043509
Italy,Ciro Immobile,20/02/1990,26,Torino,ITA,14,185,78,Forward,Turin,IT,45.070312,7.686856499999999
Italy,Éder,15/11/1986,29,Internazionale,ITA,11,179,72,Forward,None,IT,45.7924983,6.9254824
Italy,Lorenzo Insigne,04/06/1991,25,Napoli,ITA,9,163,59,Forward,Naples,IT,40.8517746,14.2681244
Italy,Stephan El Shaarawy,27/10/1992,23,Roma,ITA,19,178,72,Forward,Rome,IT,41.9027835,12.4963655
Northern Ireland,Michael McGovern,12/07/1984,31,Hamilton,SCO,13,191,89,Goalkeeper,Hamilton,GB,55.77763299999999,-4.053679
Northern Ireland,Roy Carroll,30/09/1977,38,Notts County,ENG,44,188,80,Goalkeeper,None,GB,53.100319,-0.9936305999999998
Northern Ireland,Alan Mannus,19/05/1982,34,St Johnstone,SCO,8,188,84,Goalkeeper,Alva,GB,56.15210829999999,-3.8006141
Northern Ireland,Conor McLaughlin,26/07/1991,24,Fleetwood,ENG,19,183,71,Defender,Fleetwood,GB,53.916661,-3.035673
Northern Ireland,Gareth McAuley,05/12/1979,36,West Brom,ENG,63,195,90,Defender,West Bromwich,GB,52.517664,-1.995159
Northern Ireland,Jonny Evans,03/01/1988,28,West Brom,ENG,51,188,77,Defender,West Bromwich,GB,52.517664,-1.995159
Northern Ireland,Chris Baird,25/02/1982,34,Fulham,ENG,79,181,74,Defender,London,GB,51.4773433,-0.2016817
Northern Ireland,Luke McCullough,15/02/1994,22,Doncaster,ENG,5,185,81,Defender,Doncaster,GB,53.52282,-1.128462
Northern Ireland,Paddy McNair,27/04/1995,21,Man. United,ENG,11,183,72,Defender,Stretford,GB,53.4630484,-2.2951326
Northern Ireland,Aaron Hughes,08/11/1979,36,Melbourne City,AUS,101,183,78,Defender,Melbourne,AU,-37.8162789,144.9642459
Northern Ireland,Craig Cathcart,06/02/1989,27,Watford,ENG,30,188,73,Defender,Watford,GB,51.656489,-0.39032
Northern Ireland,Lee Hodson,02/10/1991,24,MK Dons,ENG,16,174,71,Defender,None,None,None,None
Northern Ireland,Shane Ferguson,12/07/1991,24,Millwall,ENG,26,176,65,Midfield,London,GB,51.49767,-0.020534
Northern Ireland,Steven Davis,01/01/1985,31,Southampton,ENG,85,172,72,Midfield,Southampton,GB,50.90970040000001,-1.4043509
Northern Ireland,Corry Evans,30/07/1990,25,Blackburn,ENG,35,173,70,Midfield,Blackburn,GB,53.748575,-2.487529
Northern Ireland,Stuart Dallas,19/04/1991,25,Leeds,ENG,15,186,81,Midfield,Leeds,GB,53.8007554,-1.5490774
Northern Ireland,Oliver Norwood,12/04/1991,25,Reading,ENG,36,180,76,Midfield,Reading,GB,51.4542645,-0.9781303
Northern Ireland,Jamie Ward,12/05/1986,30,Nottm Forest,ENG,24,165,68,Midfield,Nottingham,GB,53.0756752,-1.2408939
Northern Ireland,Josh Magennis,15/08/1990,25,Kilmarnock,SCO,20,188,92,Midfield,Kilmarnock,GB,55.614719,-4.498792
Northern Ireland,Niall McGinn,20/07/1987,28,Aberdeen,SCO,43,183,70,Forward,Aberdeen,GB,57.149717,-2.094278
Northern Ireland,Will Grigg,03/07/1991,24,Wigan,ENG,8,180,70,Forward,Wigan,GB,53.5450645,-2.6325074
Northern Ireland,Kyle Lafferty,16/09/1987,28,Birmingham,ENG,52,193,88,Forward,Birmingham,GB,52.48624299999999,-1.890401
Northern Ireland,Conor Washington,18/05/1992,24,QPR,ENG,6,178,74,Forward,London,GB,51.51074999999999,-0.230056
Poland,Wojciech Szczęsny,18/04/1990,26,Roma,ITA,27,196,84,Goalkeeper,Rome,IT,41.9027835,12.4963655
Poland,Artur Boruc,20/02/1980,36,Bournemouth,ENG,63,193,88,Goalkeeper,Bournemouth,GB,50.719164,-1.880769
Poland,Łukasz Fabiański,18/04/1985,31,Swansea,ENG,30,190,83,Goalkeeper,Swansea,GB,51.62144,-3.943645999999999
Poland,Michał Pazdan,21/09/1987,28,Legia,POL,16,181,78,Defender,Pińczów,PL,50.5145668,20.5206169
Poland,Artur Jędrzejczyk,04/11/1987,28,Legia,POL,19,189,78,Defender,Pińczów,PL,50.5145668,20.5206169
Poland,Thiago Cionek,21/04/1986,30,Palermo,ITA,6,184,80,Defender,Palermo,IT,38.1156879,13.3612671
Poland,Jakub Wawrzyniak,07/07/1983,32,Lechia,POL,46,188,85,Defender,Gdańsk,PL,54.3904704,18.6371333
Poland,Kamil Glik,03/02/1988,28,Torino,ITA,42,190,80,Defender,Turin,IT,45.070312,7.686856499999999
Poland,Bartosz Salamon,01/05/1991,25,Cagliari,ITA,8,196,89,Defender,Cagliari,IT,39.2238411,9.1216613
Poland,Łukasz Piszczek,03/06/1985,31,Dortmund,GER,47,184,79,Defender,DO,DE,51.5135872,7.465298100000001
Poland,Krzysztof Mączyński,23/05/1987,29,Wisła,POL,17,175,66,Midfield,Wisła,PL,49.6473215,18.867739
Poland,Tomasz Jodłowiec,08/09/1985,30,Legia,POL,44,189,91,Midfield,Pińczów,PL,50.5145668,20.5206169
Poland,Karol Linetty,02/02/1995,21,Lech,POL,10,176,74,Midfield,Gdańsk,PL,54.3788433,18.468075
Poland,Grzegorz Krychowiak,29/01/1990,26,Sevilla,ESP,35,186,83,Midfield,Seville,ES,37.3890924,-5.9844589
Poland,Kamil Grosicki,08/06/1988,28,Rennes,FRA,39,180,78,Midfield,Rennes,FR,48.117266,-1.6777926
Poland,Jakub Błaszczykowski,14/12/1985,30,Fiorentina,ITA,80,176,77,Midfield,Fiorentina,IT,42.9636137,10.5355882
Poland,Sławomir Peszko,19/02/1985,31,Lechia,POL,38,173,70,Midfield,Gdańsk,PL,54.3904704,18.6371333
Poland,Piotr Zieliński,20/05/1994,22,Empoli,ITA,15,177,64,Midfield,Empoli,IT,43.7178919,10.9477782
Poland,Bartosz Kapustka,23/12/1996,19,,,8,179,60,Midfield,None,UM,19.2823192,166.647047
Poland,Filip Starzyński,27/05/1991,25,Zagłębie,POL,3,184,72,Midfield,Łódź,PL,51.7235208,19.4409232
Poland,Arkadiusz Milik,28/02/1994,22,Ajax,NED,27,186,78,Forward,Rotterdam,NL,51.96227829999999,4.4897053
Poland,Robert Lewandowski,21/08/1988,27,Bayern,GER,77,184,78,Forward,None,DE,48.7904472,11.4978895
Poland,Mariusz Stępiński,12/05/1995,21,Ruch,POL,2,183,73,Forward,None,US,41.0571194,-80.6498069
Portugal,Rui Patrício,15/02/1988,28,Sporting CP,POR,46,190,84,Goalkeeper,None,None,None,None
Portugal,Anthony Lopes,01/10/1990,25,Lyon,FRA,4,184,81,Goalkeeper,Lyon,FR,45.764043,4.835659
Portugal,Eduardo,19/09/1982,33,Dinamo Zagreb,CRO,35,188,89,Goalkeeper,Novo Čiče,HR,45.70622909999999,16.1163926
Portugal,Bruno Alves,27/11/1981,34,Fenerbahçe,TUR,85,189,83,Defender,None,TR,40.97428620000001,29.0430833
Portugal,Pepe,26/02/1983,33,Real Madrid,ESP,72,188,81,Defender,Madrid,ES,40.3626461,-3.7388727
Portugal,José Fonte,22/12/1983,32,Southampton,ENG,12,187,81,Defender,Southampton,GB,50.90970040000001,-1.4043509
Portugal,Raphael Guerreiro,22/12/1993,22,Lorient,FRA,8,170,67,Defender,Lorient,FR,47.7482524,-3.3702449
Portugal,Ricardo Carvalho,18/05/1978,38,Monaco,FRA,87,183,78,Defender,Monaco-Ville,MC,43.73741099999999,7.420815999999999
Portugal,Eliseu,01/10/1983,32,Benfica,POR,16,180,75,Defender,None,PT,38.7510519,-9.2026693
Portugal,Cédric,31/08/1991,24,Southampton,ENG,11,172,67,Defender,Southampton,GB,50.90970040000001,-1.4043509
Portugal,João Moutinho,08/09/1986,29,Monaco,FRA,85,171,61,Midfield,Monaco-Ville,MC,43.73741099999999,7.420815999999999
Portugal,João Mário,19/01/1993,23,Sporting CP,POR,12,179,73,Midfield,None,None,None,None
Portugal,Vieirinha,24/01/1986,30,Wolfsburg,GER,23,172,73,Midfield,WOB,DE,52.4226503,10.7865461
Portugal,Danilo,09/09/1991,24,Porto,POR,13,188,83,Midfield,Porto,PT,41.1579438,-8.629105299999999
Portugal,William Carvalho,07/04/1992,24,Sporting CP,POR,20,187,83,Midfield,None,None,None,None
Portugal,André Gomes,30/07/1993,22,Valencia,ESP,9,188,84,Midfield,Valencia,ES,39.4699075,-0.3762881
Portugal,Renato Sanches,18/08/1997,18,Benfica,POR,6,176,70,Midfield,None,PT,38.7510519,-9.2026693
Portugal,Rafa Silva,17/05/1993,23,Braga,POR,8,170,63,Midfield,Braga,PT,41.5454486,-8.426506999999999
Portugal,Adrien Silva,15/03/1989,27,Sporting CP,POR,9,175,69,Midfield,None,None,None,None
Portugal,Cristiano Ronaldo,05/02/1985,31,Real Madrid,ESP,127,185,80,Forward,Madrid,ES,40.3626461,-3.7388727
Portugal,Éder,22/12/1987,28,LOSC,FRA,27,188,81,Forward,Lille,FR,50.62925,3.057256
Portugal,Nani,17/11/1986,29,Fenerbahçe,TUR,97,175,66,Forward,None,TR,40.97428620000001,29.0430833
Portugal,Ricardo Quaresma,26/09/1983,32,Beşiktaş,TUR,51,175,67,Forward,None,TR,41.068616,29.0285355
Republic of Ireland,Keiren Westwood,23/10/1984,31,Sheff. Wednesday,ENG,17,187,92,Goalkeeper,Sheffield,GB,53.4158749,-1.5077223
Republic of Ireland,Shay Given,20/04/1976,40,Stoke,ENG,133,185,84,Goalkeeper,Stoke,GB,53.002668,-2.179404
Republic of Ireland,Darren Randolph,12/05/1987,29,West Ham,ENG,10,188,98,Goalkeeper,Westham,GB,50.815665,0.323885
Republic of Ireland,Seamus Coleman,11/10/1988,27,Everton,ENG,35,177,67,Defender,Everton,GB,53.425713,-2.966368
Republic of Ireland,Ciaran Clark,26/09/1989,26,Aston Villa,ENG,18,188,76,Defender,High Littleton,GB,51.3205237,-2.5059282
Republic of Ireland,John O'Shea,30/04/1981,35,Sunderland,ENG,111,191,75,Defender,Sunderland,GB,54.906869,-1.383801
Republic of Ireland,Richard Keogh,11/08/1986,29,Derby,ENG,12,188,87,Defender,Derby,GB,52.9225301,-1.4746186
Republic of Ireland,Shane Duffy,01/01/1992,24,Blackburn,ENG,3,193,76,Defender,Blackburn,GB,53.748575,-2.487529
Republic of Ireland,Cyrus Christie,30/09/1992,23,Derby,ENG,5,188,78,Defender,Derby,GB,52.9225301,-1.4746186
Republic of Ireland,Stephen Ward,20/08/1985,30,Burnley,ENG,32,184,72,Defender,Burnley,GB,53.7892877,-2.2405035
Republic of Ireland,Glenn Whelan,13/01/1984,32,Stoke,ENG,71,180,79,Midfield,Stoke,GB,53.002668,-2.179404
Republic of Ireland,Aiden McGeady,04/04/1986,30,Sheff. Wednesday,ENG,82,177,71,Midfield,Sheffield,GB,53.4158749,-1.5077223
Republic of Ireland,James McCarthy,12/11/1990,25,Everton,ENG,36,180,72,Midfield,Everton,GB,53.425713,-2.966368
Republic of Ireland,James McClean,22/04/1989,27,West Brom,ENG,39,180,70,Midfield,West Bromwich,GB,52.517664,-1.995159
Republic of Ireland,Jeff Hendrick,31/01/1992,24,Derby,ENG,22,185,79,Midfield,Derby,GB,52.9225301,-1.4746186
Republic of Ireland,David Meyler,29/05/1989,27,Hull,ENG,16,189,91,Midfield,Hull,GB,53.7456709,-0.3367413
Republic of Ireland,Robbie Brady,14/01/1992,24,Norwich,ENG,24,175,69,Midfield,Norwich,GB,52.6308859,1.297355
Republic of Ireland,Wes Hoolahan,20/05/1982,34,Norwich,ENG,31,168,71,Midfield,Norwich,GB,52.6308859,1.297355
Republic of Ireland,Stephen Quinn,01/04/1986,30,Reading,ENG,15,168,60,Midfield,Reading,GB,51.4542645,-0.9781303
Republic of Ireland,Shane Long,22/01/1987,29,Southampton,ENG,64,180,81,Forward,Southampton,GB,50.90970040000001,-1.4043509
Republic of Ireland,Robbie Keane,08/07/1980,35,LA Galaxy,USA,143,175,72,Forward,Lafayette,US,30.2068934,-92.10763949999999
Republic of Ireland,Jon Walters,20/09/1983,32,Stoke,ENG,39,183,79,Forward,Stoke,GB,53.002668,-2.179404
Republic of Ireland,Daryl Murphy,15/03/1983,33,Ipswich,ENG,20,191,88,Forward,Ipswich,GB,52.056736,1.14822
Romania,Costel Pantilimon,01/02/1987,29,Watford,ENG,21,203,96,Goalkeeper,Watford,GB,51.656489,-0.39032
Romania,Ciprian Tătăruşanu,09/02/1986,30,Fiorentina,ITA,39,195,88,Goalkeeper,Fiorentina,IT,42.9636137,10.5355882
Romania,Silviu Lung,04/06/1989,27,Astra,ROU,3,189,78,Goalkeeper,Brașov,RO,45.63917800000001,25.6269792
Romania,Alexandru Măţel,17/10/1989,26,Dinamo Zagreb,CRO,16,177,72,Defender,Novo Čiče,HR,45.70622909999999,16.1163926
Romania,Răzvan Raţ,26/05/1981,35,Rayo Vallecano,ESP,113,178,72,Defender,Madrid,ES,40.37629099999999,-3.611793
Romania,Cosmin Moţi,03/12/1984,31,Ludogorets,BUL,8,183,74,Defender,Dulovo,BG,43.8149115,27.1378769
Romania,Vlad Chiricheş,14/11/1989,26,Napoli,ITA,43,184,75,Defender,Naples,IT,40.8517746,14.2681244
Romania,Valerică Găman,25/02/1989,27,Astra,ROU,14,188,72,Defender,Brașov,RO,45.63917800000001,25.6269792
Romania,Steliano Filip,15/05/1994,22,Dinamo Bucureşti,ROU,5,177,73,Defender,București,RO,44.4529714,26.1044705
Romania,Dragoş Grigore,07/09/1986,29,Al-Sailiya,QAT,22,185,76,Defender,الريان,QA,25.2188889,51.3797222
Romania,Cristian Săpunaru,05/04/1984,32,Pandurii,ROU,15,187,81,Defender,Costești,RO,44.6698463,24.844529
Romania,Ovidiu Hoban,27/12/1982,33,H. Beer-Sheva,ISR,22,182,80,Midfield,ב"ש,IL,31.252973,34.791462
Romania,Alexandru Chipciu,18/05/1989,27,Steaua,ROU,24,177,74,Midfield,Slatina,RO,44.42120380000001,24.3843233
Romania,Mihai Pintilii,09/11/1984,31,Steaua,ROU,34,180,78,Midfield,Slatina,RO,44.42120380000001,24.3843233
Romania,Nicolae Stanciu,07/05/1993,23,Steaua,ROU,6,170,69,Midfield,Slatina,RO,44.42120380000001,24.3843233
Romania,Gabriel Torje,22/11/1989,26,Osmanlıspor,TUR,53,168,71,Midfield,None,None,None,None
Romania,Lucian Sânmărtean,13/03/1980,36,Al-Ittihad,KSA,20,175,70,Midfield,Jeddah,SA,21.5406577,39.2139977
Romania,Andrei Prepeliţă,08/12/1985,30,Ludogorets,BUL,11,178,79,Midfield,Dulovo,BG,43.8149115,27.1378769
Romania,Adrian Popa,24/07/1988,27,Steaua,ROU,15,169,71,Midfield,Slatina,RO,44.42120380000001,24.3843233
Romania,Denis Alibec,05/01/1991,25,Astra,ROU,5,187,77,Forward,Brașov,RO,45.63917800000001,25.6269792
Romania,Claudiu Keșerü,02/12/1986,29,Ludogorets,BUL,14,178,71,Forward,Dulovo,BG,43.8149115,27.1378769
Romania,Florin Andone,11/04/1993,23,Córdoba,ESP,8,182,78,Forward,Córdoba,ES,37.8881751,-4.7793835
Romania,Bogdan Stancu,28/06/1987,28,Gençlerbirliği,TUR,43,183,75,Forward,None,TR,40.8889468,29.1886745
Russia,Igor Akinfeev,08/04/1986,30,CSKA Moskva,RUS,88,186,82,Goalkeeper,Moscow,RU,55.755826,37.6173
Russia,Yuri Lodygin,26/05/1990,26,Zenit,RUS,11,187,82,Goalkeeper,Zenit,RU,59.69947819999999,30.0870107
Russia,Guilherme,12/12/1985,30,Lokomotiv Moskva,RUS,2,197,78,Goalkeeper,Moskva,RU,55.800076,37.739931
Russia,Roman Shishkin,27/01/1987,29,Lokomotiv Moskva,RUS,11,176,73,Defender,Moskva,RU,55.800076,37.739931
Russia,Igor Smolnikov,08/08/1988,27,Zenit,RUS,16,178,70,Defender,Zenit,RU,59.69947819999999,30.0870107
Russia,Sergei Ignashevich,14/07/1979,36,CSKA Moskva,RUS,118,187,84,Defender,Moscow,RU,55.755826,37.6173
Russia,Roman Neustädter,18/02/1988,28,Schalke,GER,5,190,83,Defender,GE,DE,51.5196426,7.087121
Russia,Aleksei Berezutski,20/06/1982,33,CSKA Moskva,RUS,55,190,87,Defender,Moscow,RU,55.755826,37.6173
Russia,Vasili Berezutski,20/06/1982,33,CSKA Moskva,RUS,97,189,87,Defender,Moscow,RU,55.755826,37.6173
Russia,Georgi Schennikov,27/04/1991,25,CSKA Moskva,RUS,10,180,75,Defender,Moscow,RU,55.755826,37.6173
Russia,Dmitri Kombarov,22/01/1987,29,Spartak Moskva,RUS,38,181,72,Defender,Moskva,RU,55.81747799999999,37.436128
Russia,Artur Yusupov,01/09/1989,26,Zenit,RUS,2,180,73,Midfield,Zenit,RU,59.69947819999999,30.0870107
Russia,Denis Glushakov,27/01/1987,29,Spartak Moskva,RUS,45,182,80,Midfield,Moskva,RU,55.81747799999999,37.436128
Russia,Pavel Mamaev,17/09/1988,27,Krasnodar,RUS,14,178,70,Midfield,Krasnodar,RU,45.03926740000001,38.987221
Russia,Aleksandr Golovin,30/05/1996,20,CSKA Moskva,RUS,7,180,69,Midfield,Moscow,RU,55.755826,37.6173
Russia,Roman Shirokov,06/07/1981,34,CSKA Moskva,RUS,55,183,80,Midfield,Moscow,RU,55.755826,37.6173
Russia,Oleg Shatov,29/07/1990,25,Zenit,RUS,25,173,73,Midfield,Zenit,RU,59.69947819999999,30.0870107
Russia,Oleg Ivanov,04/08/1986,29,Terek,RUS,5,192,87,Midfield,Terek,RU,43.4795902,44.1393572
Russia,Aleksandr Samedov,19/07/1984,31,Lokomotiv Moskva,RUS,29,177,75,Midfield,Moskva,RU,55.800076,37.739931
Russia,Dmitri Torbinski,28/04/1984,32,Krasnodar,RUS,30,172,60,Midfield,Krasnodar,RU,45.03926740000001,38.987221
Russia,Aleksandr Kokorin,19/03/1991,25,Zenit,RUS,40,181,74,Forward,Zenit,RU,59.69947819999999,30.0870107
Russia,Fedor Smolov,09/02/1990,26,Krasnodar,RUS,16,187,80,Forward,Krasnodar,RU,45.03926740000001,38.987221
Russia,Artem Dzyuba,22/08/1988,27,Zenit,RUS,20,196,91,Forward,Zenit,RU,59.69947819999999,30.0870107
Slovakia,Ján Mucha,05/12/1982,33,Slovan Bratislava,SVK,46,189,90,Goalkeeper,Bratislava,SK,48.1727265,17.1315226
Slovakia,Ján Novota,29/11/1983,32,Rapid Wien,AUT,3,197,90,Goalkeeper,Vienna,AT,48.2081743,16.3738189
Slovakia,Matúš Kozáčik,27/12/1983,32,Plzeň,CZE,19,193,88,Goalkeeper,Pilsen,CZ,49.7384314,13.3736371
Slovakia,Peter Pekarík,30/10/1986,29,Hertha,GER,69,176,70,Defender,Hohen Neuendorf,DE,52.66571219999999,13.3139583
Slovakia,Martin Škrtel,15/12/1984,31,Liverpool,ENG,83,193,81,Defender,Liverpool,GB,53.4083714,-2.9915726
Slovakia,Ján Ďurica,10/12/1981,34,Lokomotiv Moskva,RUS,82,188,86,Defender,Moskva,RU,55.800076,37.739931
Slovakia,Norbert Gyömber,03/07/1992,23,Roma,ITA,13,189,74,Defender,Rome,IT,41.9027835,12.4963655
Slovakia,Milan Škriniar,11/02/1995,21,Sampdoria,ITA,2,187,80,Defender,Genova,IT,44.4155383,8.952674799999999
Slovakia,Tomáš Hubočan,17/09/1985,30,Dinamo Moskva,RUS,45,184,70,Defender,Moskva,RU,55.789711,37.558184
Slovakia,Kornel Saláta,24/01/1985,31,Slovan Bratislava,SVK,37,191,89,Defender,Bratislava,SK,48.1727265,17.1315226
Slovakia,Dušan Švento,01/08/1985,30,Köln,GER,41,178,70,Defender,Cologne,DE,50.937531,6.9602786
Slovakia,Ján Greguš,29/01/1991,25,Jablonec,CZE,7,189,70,Midfield,Nečín,CZ,49.6852713,14.2236826
Slovakia,Vladimír Weiss,30/11/1989,26,Al-Gharafa,QAT,54,173,71,Midfield,None,QA,25.3325814,51.44670929999999
Slovakia,Ondrej Duda,05/12/1994,21,Legia,POL,13,181,74,Midfield,Pińczów,PL,50.5145668,20.5206169
Slovakia,Miroslav Stoch,19/10/1989,26,Bursaspor,TUR,55,169,66,Midfield,None,None,None,None
Slovakia,Patrik Hrošovský,22/04/1992,24,Plzeň,CZE,13,172,68,Midfield,Pilsen,CZ,49.7384314,13.3736371
Slovakia,Marek Hamšík,27/07/1987,28,Napoli,ITA,89,183,79,Midfield,Naples,IT,40.8517746,14.2681244
Slovakia,Juraj Kucka,26/02/1987,29,Milan,ITA,49,186,86,Midfield,Milan,IT,45.4654219,9.1859243
Slovakia,Róbert Mak,08/03/1991,25,PAOK,GRE,29,179,78,Midfield,None,None,None,None
Slovakia,Viktor Pečovský,24/05/1983,33,Žilina,SVK,33,171,74,Midfield,Žilina,SK,49.21944980000001,18.7408001
Slovakia,Stanislav Šesták,16/12/1982,33,Ferencváros,HUN,65,180,74,Forward,Budapest,HU,47.4683766,19.0819885
Slovakia,Adam Nemec,02/09/1985,30,Willem II,NED,24,190,84,Forward,Roermond,NL,51.190229,5.991261
Slovakia,Michal Ďuriš,01/06/1988,28,Plzeň,CZE,28,183,75,Forward,Pilsen,CZ,49.7384314,13.3736371
Spain,Iker Casillas,20/05/1981,35,Porto,POR,167,185,84,Goalkeeper,Porto,PT,41.1579438,-8.629105299999999
Spain,David de Gea,07/11/1990,25,Man. United,ENG,10,192,76,Goalkeeper,Stretford,GB,53.4630484,-2.2951326
Spain,Sergio Rico,01/09/1993,22,Sevilla,ESP,1,195,90,Goalkeeper,Seville,ES,37.3890924,-5.9844589
Spain,César Azpilicueta,28/08/1989,26,Chelsea,ENG,15,178,75,Defender,London,GB,51.485093,-0.174936
Spain,Gerard Piqué,02/02/1987,29,Barcelona,ESP,78,193,85,Defender,Barcelona,ES,41.3850639,2.1734035
Spain,Marc Bartra,15/01/1991,25,Barcelona,ESP,9,183,74,Defender,Barcelona,ES,41.3850639,2.1734035
Spain,Héctor Bellerín,19/03/1995,21,Arsenal,ENG,3,177,74,Defender,London,GB,51.5584654,-0.1057342
Spain,Sergio Ramos,30/03/1986,30,Real Madrid,ESP,132,183,75,Defender,Madrid,ES,40.3626461,-3.7388727
Spain,Juanfran,09/01/1985,31,Atlético,ESP,18,180,72,Defender,Madrid,ES,40.3757325,-3.7423397
Spain,Mikel San José,30/05/1989,27,Athletic,ESP,7,186,77,Defender,Madrid,ES,40.4853113,-3.6812719
Spain,Jordi Alba,21/03/1989,27,Barcelona,ESP,44,170,68,Defender,Barcelona,ES,41.3850639,2.1734035
Spain,Sergio Busquets,16/07/1988,27,Barcelona,ESP,84,189,76,Midfield,Barcelona,ES,41.3850639,2.1734035
Spain,Andrés Iniesta,11/05/1984,32,Barcelona,ESP,109,171,68,Midfield,Barcelona,ES,41.3850639,2.1734035
Spain,Koke,08/01/1992,24,Atlético,ESP,22,178,74,Midfield,Madrid,ES,40.3757325,-3.7423397
Spain,Cesc Fàbregas,04/05/1987,29,Chelsea,ENG,107,175,74,Midfield,London,GB,51.485093,-0.174936
Spain,Thiago Alcántara,11/04/1991,25,Bayern,GER,11,172,71,Midfield,None,DE,48.7904472,11.4978895
Spain,Bruno Soriano,12/06/1984,32,Villarreal,ESP,8,184,73,Midfield,Vila-real,ES,39.9397706,-0.1005932
Spain,David Silva,08/01/1986,30,Man. City,ENG,100,173,67,Midfield,Manchester,GB,53.4807593,-2.2426305
Spain,Álvaro Morata,23/10/1992,23,Juventus,ITA,10,189,85,Forward,São Paulo,BR,-23.5711578,-46.5904639
Spain,Lucas Vázquez,01/07/1991,24,Real Madrid,ESP,1,173,70,Forward,Madrid,ES,40.3626461,-3.7388727
Spain,Pedro Rodríguez,28/07/1987,28,Chelsea,ENG,58,167,62,Forward,London,GB,51.485093,-0.174936
Spain,Aritz Aduriz,11/02/1981,35,Athletic,ESP,7,181,75,Forward,Madrid,ES,40.4853113,-3.6812719
Spain,Nolito,15/10/1986,29,Celta,ESP,10,175,65,Forward,Cuatro Puertas,ES,27.9586535,-15.4216133
Sweden,Andreas Isaksson,03/10/1981,34,Kasımpaşa,TUR,131,200,86,Goalkeeper,Kasımpaşa,TR,38.764537,30.539422
Sweden,Robin Olsen,08/01/1990,26,København,DEN,4,198,89,Goalkeeper,Copenhagen,DK,55.6760968,12.5683371
Sweden,Patrik Carlgren,08/01/1992,24,AIK,SWE,0,188,84,Goalkeeper,Sjöbo,SE,55.6299905,13.6625538
Sweden,Mikael Lustig,13/12/1986,29,Celtic,SCO,53,189,78,Defender,Glasgow,GB,55.89668289999999,-4.3005843
Sweden,Erik Johansson,30/12/1988,27,København,DEN,9,191,84,Defender,Copenhagen,DK,55.6760968,12.5683371
Sweden,Andreas Granqvist,16/04/1985,31,Krasnodar,RUS,53,192,84,Defender,Krasnodar,RU,45.03926740000001,38.987221
Sweden,Martin Olsson,17/05/1988,28,Norwich,ENG,35,170,81,Defender,Norwich,GB,52.6308859,1.297355
Sweden,Pontus Jansson,13/02/1991,25,Torino,ITA,6,194,89,Defender,Turin,IT,45.070312,7.686856499999999
Sweden,Victor Lindelöf,17/07/1994,21,Benfica,POR,4,187,80,Defender,None,PT,38.7510519,-9.2026693
Sweden,Ludwig Augustinsson,21/04/1994,22,København,DEN,3,181,74,Defender,Copenhagen,DK,55.6760968,12.5683371
Sweden,Emil Forsberg,23/10/1991,24,Leipzig,GER,18,179,78,Midfield,Leipzig,DE,51.3396955,12.3730747
Sweden,Sebastian Larsson,06/06/1985,31,Sunderland,ENG,85,178,70,Midfield,Sunderland,GB,54.906869,-1.383801
Sweden,Albin Ekdal,28/07/1989,26,Hamburg,GER,23,186,75,Midfield,Hamburg,DE,53.5510846,9.9936818
Sweden,Kim Källström,24/08/1982,33,Grasshoppers,SUI,129,185,87,Midfield,None,None,None,None
Sweden,Oscar Hiljemark,28/06/1992,23,Palermo,ITA,9,184,75,Midfield,Palermo,IT,38.1156879,13.3612671
Sweden,Pontus Wernbloom,25/06/1986,29,CSKA Moskva,RUS,50,187,85,Midfield,Moscow,RU,55.755826,37.6173
Sweden,Oscar Lewicki,14/07/1992,23,Malmö,SWE,10,171,68,Midfield,Malmö,SE,55.604981,13.003822
Sweden,Jimmy Durmaz,22/03/1989,27,Olympiacos,GRE,30,180,69,Midfield,None,GR,38.7595781,23.3274646
Sweden,Erkan Zengin,05/08/1985,30,Trabzonspor,TUR,20,180,72,Midfield,None,TR,40.9541543,39.8281768
Sweden,Zlatan Ibrahimović,03/10/1981,34,Paris,FRA,114,195,95,Forward,Paris,FR,48.856614,2.3522219
Sweden,Marcus Berg,17/08/1986,29,Panathinaikos,GRE,38,184,75,Forward,None,None,None,None
Sweden,Emir Kujovic,22/06/1988,27,Norrköping,SWE,2,194,87,Forward,Norrköping,SE,58.587745,16.192421
Sweden,John Guidetti,15/04/1992,24,Celta,ESP,10,185,79,Forward,Cuatro Puertas,ES,27.9586535,-15.4216133
Switzerland,Yann Sommer,17/12/1988,27,Mönchengladbach,GER,20,183,79,Goalkeeper,MG,DE,51.1804572,6.4428041
Switzerland,Marwin Hitz,18/09/1987,28,Augsburg,GER,2,193,86,Goalkeeper,A,DE,48.3705449,10.89779
Switzerland,Roman Bürki,14/11/1990,25,Dortmund,GER,5,187,85,Goalkeeper,DO,DE,51.5135872,7.465298100000001
Switzerland,Stephan Lichtsteiner,16/01/1984,32,Juventus,ITA,83,182,75,Defender,São Paulo,BR,-23.5711578,-46.5904639
Switzerland,François Moubandje,21/06/1990,25,Toulouse,FRA,11,180,74,Defender,Toulouse,FR,43.604652,1.444209
Switzerland,Nico Elvedi,30/09/1996,19,Mönchengladbach,GER,1,188,83,Defender,MG,DE,51.1804572,6.4428041
Switzerland,Steve von Bergen,10/06/1983,33,Young Boys,SUI,50,182,79,Defender,None,None,None,None
Switzerland,Michael Lang,08/02/1991,25,Basel,SUI,18,185,79,Defender,Basel,CH,47.5595986,7.5885761
Switzerland,Ricardo Rodríguez,25/08/1992,23,Wolfsburg,GER,39,181,77,Defender,WOB,DE,52.4226503,10.7865461
Switzerland,Johan Djourou,18/01/1987,29,Hamburg,GER,62,191,87,Defender,Hamburg,DE,53.5510846,9.9936818
Switzerland,Fabian Schär,20/12/1991,24,Hoffenheim,GER,22,186,84,Defender,Sinsheim,DE,49.27284710000001,8.842996099999999
Switzerland,Fabian Frei,08/01/1989,27,Mainz,GER,9,182,77,Midfield,MZ,DE,49.9928617,8.2472526
Switzerland,Granit Xhaka,27/09/1992,23,Mönchengladbach,GER,45,185,82,Midfield,MG,DE,51.1804572,6.4428041
Switzerland,Valon Behrami,19/04/1985,31,Watford,ENG,68,185,78,Midfield,Watford,GB,51.656489,-0.39032
Switzerland,Denis Zakaria,20/11/1996,19,Young Boys,SUI,2,191,76,Midfield,None,None,None,None
Switzerland,Blerim Džemaili,12/04/1986,30,Genoa,ITA,50,179,73,Midfield,Genoa,IT,44.4056499,8.946256
Switzerland,Gelson Fernandes,02/09/1986,29,Rennes,FRA,57,179,70,Midfield,Rennes,FR,48.117266,-1.6777926
Switzerland,Xherdan Shaqiri,10/10/1991,24,Stoke,ENG,55,169,72,Midfield,Stoke,GB,53.002668,-2.179404
Switzerland,Breel Embolo,14/02/1997,19,Basel,SUI,12,185,84,Forward,Basel,CH,47.5595986,7.5885761
Switzerland,Haris Seferović,22/02/1992,24,Frankfurt,GER,32,185,85,Forward,Frankfurt,DE,50.1109221,8.6821267
Switzerland,Shani Tarashaj,07/02/1995,21,Grasshoppers,SUI,5,176,77,Forward,None,None,None,None
Switzerland,Admir Mehmedi,16/03/1991,25,Leverkusen,GER,44,183,81,Forward,LEV,DE,51.04592479999999,7.0192196
Switzerland,Eren Derdiyok,12/06/1988,28,Kasımpaşa,TUR,52,191,90,Forward,Kasımpaşa,TR,38.764537,30.539422
Turkey,Volkan Babacan,11/08/1988,27,İstanbul Başakşehir,TUR,18,192,86,Goalkeeper,Başakşehir,TR,41.083333,28.816667
Turkey,Onur Kıvrak,01/01/1988,28,Trabzonspor,TUR,12,187,74,Goalkeeper,None,TR,40.9541543,39.8281768
Turkey,Harun Tekin,17/06/1989,26,Bursaspor,TUR,0,187,78,Goalkeeper,None,None,None,None
Turkey,Semih Kaya,24/02/1991,25,Galatasaray,TUR,23,183,66,Defender,None,TR,36.548905,31.989431
Turkey,Hakan Balta,23/03/1983,33,Galatasaray,TUR,47,184,80,Defender,None,TR,36.548905,31.989431
Turkey,Ahmet Çalık,26/02/1994,22,Gençlerbirliği,TUR,4,184,77,Defender,None,TR,40.8889468,29.1886745
Turkey,Gökhan Gönül,04/01/1985,31,Fenerbahçe,TUR,58,174,73,Defender,None,TR,40.97428620000001,29.0430833
Turkey,İsmail Köybaşı,10/07/1989,26,Beşiktaş,TUR,19,177,75,Defender,None,TR,41.068616,29.0285355
Turkey,Caner Erkin,04/10/1988,27,Fenerbahçe,TUR,48,181,76,Defender,None,TR,40.97428620000001,29.0430833
Turkey,Şener Özbayraklı,23/01/1990,26,Fenerbahçe,TUR,8,171,71,Defender,None,TR,40.97428620000001,29.0430833
Turkey,Nuri Şahin,05/09/1988,27,Dortmund,GER,49,179,65,Midfield,DO,DE,51.5135872,7.465298100000001
Turkey,Hakan Çalhanoğlu,08/02/1994,22,Leverkusen,GER,20,176,76,Midfield,LEV,DE,51.04592479999999,7.0192196
Turkey,Selçuk İnan,10/02/1985,31,Galatasaray,TUR,53,182,74,Midfield,None,TR,36.548905,31.989431
Turkey,Arda Turan,30/01/1987,29,Barcelona,ESP,92,178,76,Midfield,Barcelona,ES,41.3850639,2.1734035
Turkey,Olcay Şahan,26/05/1987,29,Beşiktaş,TUR,24,179,71,Midfield,None,TR,41.068616,29.0285355
Turkey,Oğuzhan Özyakup,23/09/1992,23,Beşiktaş,TUR,21,180,75,Midfield,None,TR,41.068616,29.0285355
Turkey,Mehmet Topal,03/03/1986,30,Fenerbahçe,TUR,60,187,82,Midfield,None,TR,40.97428620000001,29.0430833
Turkey,Ozan Tufan,23/03/1995,21,Fenerbahçe,TUR,25,179,70,Midfield,None,TR,40.97428620000001,29.0430833
Turkey,Yunus Mallı,24/02/1992,24,Mainz,GER,6,179,70,Midfield,MZ,DE,49.9928617,8.2472526
Turkey,Volkan Şen,07/07/1987,28,Fenerbahçe,TUR,18,175,68,Midfield,None,TR,40.97428620000001,29.0430833
Turkey,Cenk Tosun,07/06/1991,25,Beşiktaş,TUR,10,183,78,Forward,None,TR,41.068616,29.0285355
Turkey,Burak Yılmaz,15/07/1985,30,Beijing Guoan,CHN,45,188,77,Forward,Beijing,CN,39.9815606,116.3706032
Turkey,Emre Mor,24/07/1997,18,Nordsjælland,DEN,3,168,63,Forward,None,DK,55.4632518,11.7214979
Ukraine,Denys Boyko,29/01/1988,28,Beşiktaş,TUR,4,194,82,Goalkeeper,None,TR,41.068616,29.0285355
Ukraine,Andriy Pyatov,28/06/1984,31,Shakhtar Donetsk,UKR,66,190,84,Goalkeeper,Donetsk,UA,47.971263,37.842979
Ukraine,Mykyta Shevchenko,26/01/1993,23,Zorya,UKR,0,187,80,Goalkeeper,Zorya,UA,50.7241261,26.0266362
Ukraine,Bohdan Butko,13/01/1991,25,Amkar,RUS,17,180,68,Defender,None,None,None,None
Ukraine,Yevhen Khacheridi,28/07/1987,28,Dynamo Kyiv,UKR,44,198,85,Defender,Kyiv,UA,50.32,30.564428
Ukraine,Olexandr Kucher,22/10/1982,33,Shakhtar Donetsk,UKR,50,184,77,Defender,Donetsk,UA,47.971263,37.842979
Ukraine,Vyacheslav Shevchuk,13/05/1979,37,Shakhtar Donetsk,UKR,55,184,78,Defender,Donetsk,UA,47.971263,37.842979
Ukraine,Artem Fedetskiy,26/04/1985,31,Dnipro,UKR,51,183,76,Defender,Kiev,UA,50.4535873,30.601521
Ukraine,Yaroslav Rakitskiy,03/08/1989,26,Shakhtar Donetsk,UKR,42,180,70,Defender,Donetsk,UA,47.971263,37.842979
Ukraine,Anatoliy Tymoshchuk,30/03/1979,37,Kairat,KAZ,143,181,70,Midfield,Kairat,KZ,43.5464624,77.5920295
Ukraine,Taras Stepanenko,08/08/1989,26,Shakhtar Donetsk,UKR,31,181,75,Midfield,Donetsk,UA,47.971263,37.842979
Ukraine,Andriy Yarmolenko,23/10/1989,26,Dynamo Kyiv,UKR,61,189,81,Midfield,Kyiv,UA,50.32,30.564428
Ukraine,Viktor Kovalenko,14/02/1996,20,Shakhtar Donetsk,UKR,5,182,75,Midfield,Donetsk,UA,47.971263,37.842979
Ukraine,Yevhen Konoplyanka,29/09/1989,26,Sevilla,ESP,55,176,69,Midfield,Seville,ES,37.3890924,-5.9844589
Ukraine,Ruslan Rotan,29/10/1981,34,Dnipro,UKR,88,174,67,Midfield,Kiev,UA,50.4535873,30.601521
Ukraine,Serhiy Sydorchuk,02/05/1991,25,Dynamo Kyiv,UKR,14,189,90,Midfield,Kyiv,UA,50.32,30.564428
Ukraine,Serhiy Rybalka,01/04/1990,26,Dynamo Kyiv,UKR,9,176,70,Midfield,Kyiv,UA,50.32,30.564428
Ukraine,Denys Garmash,19/04/1990,26,Dynamo Kyiv,UKR,28,186,72,Midfield,Kyiv,UA,50.32,30.564428
Ukraine, Olexandr Zinchenko,15/12/1996,19,Ufa,RUS,5,175,61,Midfield,Ufa,RU,54.7387621,55.9720554
Ukraine,Olexandr Karavaev,02/06/1992,24,Zorya,UKR,3,173,65,Midfield,Zorya,UA,50.7241261,26.0266362
Ukraine,Roman Zozulya,17/11/1989,26,Dnipro,UKR,28,176,72,Forward,Kiev,UA,50.4535873,30.601521
Ukraine,Yevhen Seleznyov,20/07/1985,30,Shakhtar Donetsk,UKR,52,188,85,Forward,Donetsk,UA,47.971263,37.842979
Ukraine,Pylyp Budkivskiy,10/03/1992,24,Zorya,UKR,6,196,81,Forward,Zorya,UA,50.7241261,26.0266362
Wales,Wayne Hennessey,24/01/1987,29,Crystal Palace,ENG,58,198,90,Goalkeeper,London,GB,51.4198825,-0.0785415
Wales,Owain Fôn Williams,17/03/1987,29,Inverness,SCO,1,193,77,Goalkeeper,Inverness,GB,57.477773,-4.224721
Wales,Danny Ward,22/06/1993,22,Liverpool,ENG,3,191,88,Goalkeeper,Liverpool,GB,53.4083714,-2.9915726
Wales,Chris Gunter,21/07/1989,26,Reading,ENG,69,180,71,Defender,Reading,GB,51.4542645,-0.9781303
Wales,Neil Taylor,07/02/1989,27,Swansea,ENG,30,175,64,Defender,Swansea,GB,51.62144,-3.943645999999999
Wales,Ben Davies,24/04/1993,23,Tottenham,ENG,22,181,76,Defender,London,GB,51.60496740000001,-0.0722785
Wales,James Chester,23/01/1989,27,West Brom,ENG,13,177,75,Defender,West Bromwich,GB,52.517664,-1.995159
Wales,Ashley Williams,23/08/1984,31,Swansea,ENG,61,183,71,Defender,Swansea,GB,51.62144,-3.943645999999999
Wales,Jazz Richards,12/04/1991,25,Fulham,ENG,10,185,78,Defender,London,GB,51.4773433,-0.2016817
Wales,James Collins,23/08/1983,32,West Ham,ENG,47,188,83,Defender,Westham,GB,50.815665,0.323885
Wales,Joe Allen,14/03/1990,26,Liverpool,ENG,27,168,62,Midfield,Liverpool,GB,53.4083714,-2.9915726
Wales,Andy King,29/10/1988,27,Leicester,ENG,33,183,74,Midfield,Leicester,GB,52.6368778,-1.1397592
Wales,Aaron Ramsey,26/12/1990,25,Arsenal,ENG,41,178,76,Midfield,London,GB,51.5584654,-0.1057342
Wales,David Edwards,03/02/1986,30,Wolves,ENG,34,183,78,Midfield,None,GB,51.38361099999999,-3.144167
Wales,Joe Ledley,23/01/1987,29,Crystal Palace,ENG,63,183,73,Midfield,London,GB,51.4198825,-0.0785415
Wales,Jonathan Williams,09/10/1993,22,Crystal Palace,ENG,14,168,60,Midfield,London,GB,51.4198825,-0.0785415
Wales,David Vaughan,18/02/1983,33,Nottm Forest,ENG,42,171,70,Midfield,Nottingham,GB,53.0756752,-1.2408939
Wales,Hal Robson-Kanu,21/05/1989,27,Reading,ENG,32,183,83,Forward,Reading,GB,51.4542645,-0.9781303
Wales,Gareth Bale,16/07/1989,26,Real Madrid,ESP,57,183,74,Forward,Madrid,ES,40.3626461,-3.7388727
Wales,George Williams,07/09/1995,20,Fulham,ENG,7,172,73,Forward,London,GB,51.4773433,-0.2016817
Wales,David Cotterill,04/12/1987,28,Birmingham,ENG,23,175,71,Forward,Birmingham,GB,52.48624299999999,-1.890401
Wales,Sam Vokes,21/10/1989,26,Burnley,ENG,40,186,90,Forward,Burnley,GB,53.7892877,-2.2405035
Wales,Simon Church,10/12/1988,27,MK Dons,ENG,36,183,84,Forward,None,None,None,None
